path,emotion,intensity,actor,gender,statement,repetition,duration_s
..\data\raw\angry\03-01-05-01-01-01-01.wav,angry,normal,1,male,01,01,3.8705416666666665
..\data\raw\angry\03-01-05-01-01-01-02.wav,angry,normal,2,female,01,01,3.6703333333333332
..\data\raw\angry\03-01-05-01-01-01-03.wav,angry,normal,3,male,01,01,4.004
..\data\raw\angry\03-01-05-01-01-01-04.wav,angry,normal,4,female,01,01,3.703708333333333
..\data\raw\angry\03-01-05-01-01-01-05.wav,angry,normal,5,male,01,01,3.8705416666666665
..\data\raw\angry\03-01-05-01-01-01-06.wav,angry,normal,6,female,01,01,3.7704375
..\data\raw\angry\03-01-05-01-01-01-07.wav,angry,normal,7,male,01,01,4.004
..\data\raw\angry\03-01-05-01-01-01-08.wav,angry,normal,8,female,01,01,3.703708333333333
..\data\raw\angry\03-01-05-01-01-01-09.wav,angry,normal,9,male,01,01,3.5702291666666666
..\data\raw\angry\03-01-05-01-01-01-10.wav,angry,normal,10,female,01,01,3.9038958333333333
..\data\raw\angry\03-01-05-01-01-01-11.wav,angry,normal,11,male,01,01,3.6036041666666665
..\data\raw\angry\03-01-05-01-01-01-12.wav,angry,normal,12,female,01,01,4.2709375
..\data\raw\angry\03-01-05-01-01-01-13.wav,angry,normal,13,male,01,01,3.4367708333333336
..\data\raw\angry\03-01-05-01-01-01-14.wav,angry,normal,14,female,01,01,3.6035833333333334
..\data\raw\angry\03-01-05-01-01-01-15.wav,angry,normal,15,male,01,01,3.636979166666667
..\data\raw\angry\03-01-05-01-01-01-16.wav,angry,normal,16,female,01,01,3.970645833333333
..\data\raw\angry\03-01-05-01-01-01-17.wav,angry,normal,17,male,01,01,3.4701458333333335
..\data\raw\angry\03-01-05-01-01-01-18.wav,angry,normal,18,female,01,01,3.9038958333333333
..\data\raw\angry\03-01-05-01-01-01-19.wav,angry,normal,19,male,01,01,3.7704375
..\data\raw\angry\03-01-05-01-01-01-20.wav,angry,normal,20,female,01,01,3.2365833333333334
..\data\raw\angry\03-01-05-01-01-01-21.wav,angry,normal,21,male,01,01,4.137479166666667
..\data\raw\angry\03-01-05-01-01-01-22.wav,angry,normal,22,female,01,01,3.703708333333333
..\data\raw\angry\03-01-05-01-01-01-23.wav,angry,normal,23,male,01,01,3.3033125
..\data\raw\angry\03-01-05-01-01-01-24.wav,angry,normal,24,female,01,01,4.104104166666667
..\data\raw\angry\03-01-05-01-01-02-01.wav,angry,normal,1,male,01,02,3.9372708333333333
..\data\raw\angry\03-01-05-01-01-02-02.wav,angry,normal,2,female,01,02,3.6703333333333332
..\data\raw\angry\03-01-05-01-01-02-03.wav,angry,normal,3,male,01,02,4.070729166666666
..\data\raw\angry\03-01-05-01-01-02-04.wav,angry,normal,4,female,01,02,3.6036041666666665
..\data\raw\angry\03-01-05-01-01-02-05.wav,angry,normal,5,male,01,02,3.8037916666666667
..\data\raw\angry\03-01-05-01-01-02-06.wav,angry,normal,6,female,01,02,3.970625
..\data\raw\angry\03-01-05-01-01-02-07.wav,angry,normal,7,male,01,02,3.970645833333333
..\data\raw\angry\03-01-05-01-01-02-08.wav,angry,normal,8,female,01,02,3.6036041666666665
..\data\raw\angry\03-01-05-01-01-02-09.wav,angry,normal,9,male,01,02,3.57025
..\data\raw\angry\03-01-05-01-01-02-10.wav,angry,normal,10,female,01,02,4.004
..\data\raw\angry\03-01-05-01-01-02-11.wav,angry,normal,11,male,01,02,3.4701458333333335
..\data\raw\angry\03-01-05-01-01-02-12.wav,angry,normal,12,female,01,02,3.970625
..\data\raw\angry\03-01-05-01-01-02-13.wav,angry,normal,13,male,01,02,3.5368541666666666
..\data\raw\angry\03-01-05-01-01-02-14.wav,angry,normal,14,female,01,02,3.703708333333333
..\data\raw\angry\03-01-05-01-01-02-15.wav,angry,normal,15,male,01,02,3.6036041666666665
..\data\raw\angry\03-01-05-01-01-02-16.wav,angry,normal,16,female,01,02,4.004
..\data\raw\angry\03-01-05-01-01-02-17.wav,angry,normal,17,male,01,02,3.703708333333333
..\data\raw\angry\03-01-05-01-01-02-18.wav,angry,normal,18,female,01,02,4.170833333333333
..\data\raw\angry\03-01-05-01-01-02-19.wav,angry,normal,19,male,01,02,3.703708333333333
..\data\raw\angry\03-01-05-01-01-02-20.wav,angry,normal,20,female,01,02,3.7370625
..\data\raw\angry\03-01-05-01-01-02-21.wav,angry,normal,21,male,01,02,4.004
..\data\raw\angry\03-01-05-01-01-02-22.wav,angry,normal,22,female,01,02,3.7370625
..\data\raw\angry\03-01-05-01-01-02-23.wav,angry,normal,23,male,01,02,3.3033125
..\data\raw\angry\03-01-05-01-01-02-24.wav,angry,normal,24,female,01,02,3.7370625
..\data\raw\angry\03-01-05-01-02-01-01.wav,angry,normal,1,male,02,01,3.5035
..\data\raw\angry\03-01-05-01-02-01-02.wav,angry,normal,2,female,02,01,3.7704166666666667
..\data\raw\angry\03-01-05-01-02-01-03.wav,angry,normal,3,male,02,01,3.8038125
..\data\raw\angry\03-01-05-01-02-01-04.wav,angry,normal,4,female,02,01,3.470125
..\data\raw\angry\03-01-05-01-02-01-05.wav,angry,normal,5,male,02,01,4.070729166666666
..\data\raw\angry\03-01-05-01-02-01-06.wav,angry,normal,6,female,02,01,4.2041875
..\data\raw\angry\03-01-05-01-02-01-07.wav,angry,normal,7,male,02,01,4.004
..\data\raw\angry\03-01-05-01-02-01-08.wav,angry,normal,8,female,02,01,3.536875
..\data\raw\angry\03-01-05-01-02-01-09.wav,angry,normal,9,male,02,01,3.7370625
..\data\raw\angry\03-01-05-01-02-01-10.wav,angry,normal,10,female,02,01,4.104104166666667
..\data\raw\angry\03-01-05-01-02-01-11.wav,angry,normal,11,male,02,01,3.470125
..\data\raw\angry\03-01-05-01-02-01-12.wav,angry,normal,12,female,02,01,3.7370833333333335
..\data\raw\angry\03-01-05-01-02-01-13.wav,angry,normal,13,male,02,01,3.6036041666666665
..\data\raw\angry\03-01-05-01-02-01-14.wav,angry,normal,14,female,02,01,3.7370625
..\data\raw\angry\03-01-05-01-02-01-15.wav,angry,normal,15,male,02,01,3.703708333333333
..\data\raw\angry\03-01-05-01-02-01-16.wav,angry,normal,16,female,02,01,3.9038958333333333
..\data\raw\angry\03-01-05-01-02-01-17.wav,angry,normal,17,male,02,01,3.6036041666666665
..\data\raw\angry\03-01-05-01-02-01-18.wav,angry,normal,18,female,02,01,3.5702291666666666
..\data\raw\angry\03-01-05-01-02-01-19.wav,angry,normal,19,male,02,01,3.3033125
..\data\raw\angry\03-01-05-01-02-01-20.wav,angry,normal,20,female,02,01,3.6703333333333332
..\data\raw\angry\03-01-05-01-02-01-21.wav,angry,normal,21,male,02,01,4.070729166666666
..\data\raw\angry\03-01-05-01-02-01-22.wav,angry,normal,22,female,02,01,3.8705208333333334
..\data\raw\angry\03-01-05-01-02-01-23.wav,angry,normal,23,male,02,01,3.2699375
..\data\raw\angry\03-01-05-01-02-01-24.wav,angry,normal,24,female,02,01,3.6703333333333332
..\data\raw\angry\03-01-05-01-02-02-01.wav,angry,normal,1,male,02,02,3.7370625
..\data\raw\angry\03-01-05-01-02-02-02.wav,angry,normal,2,female,02,02,3.8037916666666667
..\data\raw\angry\03-01-05-01-02-02-03.wav,angry,normal,3,male,02,02,3.8371666666666666
..\data\raw\angry\03-01-05-01-02-02-04.wav,angry,normal,4,female,02,02,3.7370625
..\data\raw\angry\03-01-05-01-02-02-05.wav,angry,normal,5,male,02,02,4.404395833333333
..\data\raw\angry\03-01-05-01-02-02-06.wav,angry,normal,6,female,02,02,3.9038958333333333
..\data\raw\angry\03-01-05-01-02-02-07.wav,angry,normal,7,male,02,02,4.004
..\data\raw\angry\03-01-05-01-02-02-08.wav,angry,normal,8,female,02,02,3.5702291666666666
..\data\raw\angry\03-01-05-01-02-02-09.wav,angry,normal,9,male,02,02,3.536875
..\data\raw\angry\03-01-05-01-02-02-10.wav,angry,normal,10,female,02,02,4.137479166666667
..\data\raw\angry\03-01-05-01-02-02-11.wav,angry,normal,11,male,02,02,3.7370833333333335
..\data\raw\angry\03-01-05-01-02-02-12.wav,angry,normal,12,female,02,02,4.137458333333333
..\data\raw\angry\03-01-05-01-02-02-13.wav,angry,normal,13,male,02,02,3.3700208333333332
..\data\raw\angry\03-01-05-01-02-02-14.wav,angry,normal,14,female,02,02,3.9039166666666665
..\data\raw\angry\03-01-05-01-02-02-15.wav,angry,normal,15,male,02,02,3.536875
..\data\raw\angry\03-01-05-01-02-02-16.wav,angry,normal,16,female,02,02,3.9038958333333333
..\data\raw\angry\03-01-05-01-02-02-17.wav,angry,normal,17,male,02,02,3.536875
..\data\raw\angry\03-01-05-01-02-02-18.wav,angry,normal,18,female,02,02,3.636979166666667
..\data\raw\angry\03-01-05-01-02-02-19.wav,angry,normal,19,male,02,02,3.5702291666666666
..\data\raw\angry\03-01-05-01-02-02-20.wav,angry,normal,20,female,02,02,3.8037916666666667
..\data\raw\angry\03-01-05-01-02-02-21.wav,angry,normal,21,male,02,02,3.9372708333333333
..\data\raw\angry\03-01-05-01-02-02-22.wav,angry,normal,22,female,02,02,4.037354166666667
..\data\raw\angry\03-01-05-01-02-02-23.wav,angry,normal,23,male,02,02,3.3366666666666664
..\data\raw\angry\03-01-05-01-02-02-24.wav,angry,normal,24,female,02,02,4.2041875
..\data\raw\angry\03-01-05-02-01-01-01.wav,angry,strong,1,male,01,01,4.104104166666667
..\data\raw\angry\03-01-05-02-01-01-02.wav,angry,strong,2,female,01,01,3.9039166666666665
..\data\raw\angry\03-01-05-02-01-01-03.wav,angry,strong,3,male,01,01,4.404395833333333
..\data\raw\angry\03-01-05-02-01-01-04.wav,angry,strong,4,female,01,01,3.7704375
..\data\raw\angry\03-01-05-02-01-01-05.wav,angry,strong,5,male,01,01,3.403395833333333
..\data\raw\angry\03-01-05-02-01-01-06.wav,angry,strong,6,female,01,01,4.104104166666667
..\data\raw\angry\03-01-05-02-01-01-07.wav,angry,strong,7,male,01,01,3.6036041666666665
..\data\raw\angry\03-01-05-02-01-01-08.wav,angry,strong,8,female,01,01,3.970625
..\data\raw\angry\03-01-05-02-01-01-09.wav,angry,strong,9,male,01,01,3.8038125
..\data\raw\angry\03-01-05-02-01-01-10.wav,angry,strong,10,female,01,01,4.170833333333333
..\data\raw\angry\03-01-05-02-01-01-11.wav,angry,strong,11,male,01,01,3.536875
..\data\raw\angry\03-01-05-02-01-01-12.wav,angry,strong,12,female,01,01,3.6369583333333333
..\data\raw\angry\03-01-05-02-01-01-13.wav,angry,strong,13,male,01,01,3.6703333333333332
..\data\raw\angry\03-01-05-02-01-01-14.wav,angry,strong,14,female,01,01,4.2709375
..\data\raw\angry\03-01-05-02-01-01-15.wav,angry,strong,15,male,01,01,3.536875
..\data\raw\angry\03-01-05-02-01-01-16.wav,angry,strong,16,female,01,01,3.970645833333333
..\data\raw\angry\03-01-05-02-01-01-17.wav,angry,strong,17,male,01,01,3.5035
..\data\raw\angry\03-01-05-02-01-01-18.wav,angry,strong,18,female,01,01,3.703708333333333
..\data\raw\angry\03-01-05-02-01-01-19.wav,angry,strong,19,male,01,01,3.970645833333333
..\data\raw\angry\03-01-05-02-01-01-20.wav,angry,strong,20,female,01,01,4.137479166666667
..\data\raw\angry\03-01-05-02-01-01-21.wav,angry,strong,21,male,01,01,4.371041666666667
..\data\raw\angry\03-01-05-02-01-01-22.wav,angry,strong,22,female,01,01,3.8705416666666665
..\data\raw\angry\03-01-05-02-01-01-23.wav,angry,strong,23,male,01,01,3.403395833333333
..\data\raw\angry\03-01-05-02-01-01-24.wav,angry,strong,24,female,01,01,4.371041666666667
..\data\raw\angry\03-01-05-02-01-02-01.wav,angry,strong,1,male,01,02,4.371041666666667
..\data\raw\angry\03-01-05-02-01-02-02.wav,angry,strong,2,female,01,02,4.004
..\data\raw\angry\03-01-05-02-01-02-03.wav,angry,strong,3,male,01,02,4.404416666666667
..\data\raw\angry\03-01-05-02-01-02-04.wav,angry,strong,4,female,01,02,3.8705208333333334
..\data\raw\angry\03-01-05-02-01-02-05.wav,angry,strong,5,male,01,02,3.5702291666666666
..\data\raw\angry\03-01-05-02-01-02-06.wav,angry,strong,6,female,01,02,4.2041875
..\data\raw\angry\03-01-05-02-01-02-07.wav,angry,strong,7,male,01,02,4.004
..\data\raw\angry\03-01-05-02-01-02-08.wav,angry,strong,8,female,01,02,3.7704375
..\data\raw\angry\03-01-05-02-01-02-09.wav,angry,strong,9,male,01,02,3.7704375
..\data\raw\angry\03-01-05-02-01-02-10.wav,angry,strong,10,female,01,02,4.471125
..\data\raw\angry\03-01-05-02-01-02-11.wav,angry,strong,11,male,01,02,3.970625
..\data\raw\angry\03-01-05-02-01-02-12.wav,angry,strong,12,female,01,02,3.6703333333333332
..\data\raw\angry\03-01-05-02-01-02-13.wav,angry,strong,13,male,01,02,4.2709375
..\data\raw\angry\03-01-05-02-01-02-14.wav,angry,strong,14,female,01,02,4.371020833333334
..\data\raw\angry\03-01-05-02-01-02-15.wav,angry,strong,15,male,01,02,3.7370833333333335
..\data\raw\angry\03-01-05-02-01-02-16.wav,angry,strong,16,female,01,02,3.7370625
..\data\raw\angry\03-01-05-02-01-02-17.wav,angry,strong,17,male,01,02,3.7370625
..\data\raw\angry\03-01-05-02-01-02-18.wav,angry,strong,18,female,01,02,3.7704375
..\data\raw\angry\03-01-05-02-01-02-19.wav,angry,strong,19,male,01,02,4.804791666666667
..\data\raw\angry\03-01-05-02-01-02-20.wav,angry,strong,20,female,01,02,4.070729166666666
..\data\raw\angry\03-01-05-02-01-02-21.wav,angry,strong,21,male,01,02,4.471125
..\data\raw\angry\03-01-05-02-01-02-22.wav,angry,strong,22,female,01,02,3.9038958333333333
..\data\raw\angry\03-01-05-02-01-02-23.wav,angry,strong,23,male,01,02,3.3366666666666664
..\data\raw\angry\03-01-05-02-01-02-24.wav,angry,strong,24,female,01,02,4.371041666666667
..\data\raw\angry\03-01-05-02-02-01-01.wav,angry,strong,1,male,02,01,4.137458333333333
..\data\raw\angry\03-01-05-02-02-01-02.wav,angry,strong,2,female,02,01,4.004
..\data\raw\angry\03-01-05-02-02-01-03.wav,angry,strong,3,male,02,01,4.2375625
..\data\raw\angry\03-01-05-02-02-01-04.wav,angry,strong,4,female,02,01,3.7036875
..\data\raw\angry\03-01-05-02-02-01-05.wav,angry,strong,5,male,02,01,3.6369583333333333
..\data\raw\angry\03-01-05-02-02-01-06.wav,angry,strong,6,female,02,01,4.437770833333333
..\data\raw\angry\03-01-05-02-02-01-07.wav,angry,strong,7,male,02,01,3.8371666666666666
..\data\raw\angry\03-01-05-02-02-01-08.wav,angry,strong,8,female,02,01,3.6036041666666665
..\data\raw\angry\03-01-05-02-02-01-09.wav,angry,strong,9,male,02,01,4.371041666666667
..\data\raw\angry\03-01-05-02-02-01-10.wav,angry,strong,10,female,02,01,3.8705208333333334
..\data\raw\angry\03-01-05-02-02-01-11.wav,angry,strong,11,male,02,01,3.9372708333333333
..\data\raw\angry\03-01-05-02-02-01-12.wav,angry,strong,12,female,02,01,3.8038125
..\data\raw\angry\03-01-05-02-02-01-13.wav,angry,strong,13,male,02,01,3.5702291666666666
..\data\raw\angry\03-01-05-02-02-01-14.wav,angry,strong,14,female,02,01,4.170833333333333
..\data\raw\angry\03-01-05-02-02-01-15.wav,angry,strong,15,male,02,01,3.4701458333333335
..\data\raw\angry\03-01-05-02-02-01-16.wav,angry,strong,16,female,02,01,3.8037916666666667
..\data\raw\angry\03-01-05-02-02-01-17.wav,angry,strong,17,male,02,01,3.636979166666667
..\data\raw\angry\03-01-05-02-02-01-18.wav,angry,strong,18,female,02,01,3.8371666666666666
..\data\raw\angry\03-01-05-02-02-01-19.wav,angry,strong,19,male,02,01,4.337666666666666
..\data\raw\angry\03-01-05-02-02-01-20.wav,angry,strong,20,female,02,01,4.404416666666667
..\data\raw\angry\03-01-05-02-02-01-21.wav,angry,strong,21,male,02,01,4.1040833333333335
..\data\raw\angry\03-01-05-02-02-01-22.wav,angry,strong,22,female,02,01,4.237583333333333
..\data\raw\angry\03-01-05-02-02-01-23.wav,angry,strong,23,male,02,01,3.2365625
..\data\raw\angry\03-01-05-02-02-01-24.wav,angry,strong,24,female,02,01,4.170833333333333
..\data\raw\angry\03-01-05-02-02-02-01.wav,angry,strong,1,male,02,02,4.437770833333333
..\data\raw\angry\03-01-05-02-02-02-02.wav,angry,strong,2,female,02,02,4.004
..\data\raw\angry\03-01-05-02-02-02-03.wav,angry,strong,3,male,02,02,4.5045
..\data\raw\angry\03-01-05-02-02-02-04.wav,angry,strong,4,female,02,02,3.8371666666666666
..\data\raw\angry\03-01-05-02-02-02-05.wav,angry,strong,5,male,02,02,3.636979166666667
..\data\raw\angry\03-01-05-02-02-02-06.wav,angry,strong,6,female,02,02,4.471125
..\data\raw\angry\03-01-05-02-02-02-07.wav,angry,strong,7,male,02,02,4.337666666666666
..\data\raw\angry\03-01-05-02-02-02-08.wav,angry,strong,8,female,02,02,3.6369583333333333
..\data\raw\angry\03-01-05-02-02-02-09.wav,angry,strong,9,male,02,02,3.970645833333333
..\data\raw\angry\03-01-05-02-02-02-10.wav,angry,strong,10,female,02,02,4.137458333333333
..\data\raw\angry\03-01-05-02-02-02-11.wav,angry,strong,11,male,02,02,3.7704375
..\data\raw\angry\03-01-05-02-02-02-12.wav,angry,strong,12,female,02,02,3.8371666666666666
..\data\raw\angry\03-01-05-02-02-02-13.wav,angry,strong,13,male,02,02,4.170833333333333
..\data\raw\angry\03-01-05-02-02-02-14.wav,angry,strong,14,female,02,02,4.404416666666667
..\data\raw\angry\03-01-05-02-02-02-15.wav,angry,strong,15,male,02,02,3.6036041666666665
..\data\raw\angry\03-01-05-02-02-02-16.wav,angry,strong,16,female,02,02,4.07075
..\data\raw\angry\03-01-05-02-02-02-17.wav,angry,strong,17,male,02,02,3.8038125
..\data\raw\angry\03-01-05-02-02-02-18.wav,angry,strong,18,female,02,02,4.2375625
..\data\raw\angry\03-01-05-02-02-02-19.wav,angry,strong,19,male,02,02,4.104104166666667
..\data\raw\angry\03-01-05-02-02-02-20.wav,angry,strong,20,female,02,02,3.5368541666666666
..\data\raw\angry\03-01-05-02-02-02-21.wav,angry,strong,21,male,02,02,4.2375625
..\data\raw\angry\03-01-05-02-02-02-22.wav,angry,strong,22,female,02,02,4.204208333333334
..\data\raw\angry\03-01-05-02-02-02-23.wav,angry,strong,23,male,02,02,3.3032916666666665
..\data\raw\angry\03-01-05-02-02-02-24.wav,angry,strong,24,female,02,02,5.105104166666667
..\data\raw\calm\03-01-02-01-01-01-01.wav,calm,normal,1,male,01,01,3.5368541666666666
..\data\raw\calm\03-01-02-01-01-01-02.wav,calm,normal,2,female,01,01,3.8371666666666666
..\data\raw\calm\03-01-02-01-01-01-03.wav,calm,normal,3,male,01,01,3.8371666666666666
..\data\raw\calm\03-01-02-01-01-01-04.wav,calm,normal,4,female,01,01,3.8037916666666667
..\data\raw\calm\03-01-02-01-01-01-05.wav,calm,normal,5,male,01,01,4.037354166666667
..\data\raw\calm\03-01-02-01-01-01-06.wav,calm,normal,6,female,01,01,4.037354166666667
..\data\raw\calm\03-01-02-01-01-01-07.wav,calm,normal,7,male,01,01,3.470125
..\data\raw\calm\03-01-02-01-01-01-08.wav,calm,normal,8,female,01,01,3.6036041666666665
..\data\raw\calm\03-01-02-01-01-01-09.wav,calm,normal,9,male,01,01,3.3366666666666664
..\data\raw\calm\03-01-02-01-01-01-10.wav,calm,normal,10,female,01,01,3.5702291666666666
..\data\raw\calm\03-01-02-01-01-01-11.wav,calm,normal,11,male,01,01,3.2699166666666666
..\data\raw\calm\03-01-02-01-01-01-12.wav,calm,normal,12,female,01,01,3.8705208333333334
..\data\raw\calm\03-01-02-01-01-01-13.wav,calm,normal,13,male,01,01,3.3032916666666665
..\data\raw\calm\03-01-02-01-01-01-14.wav,calm,normal,14,female,01,01,3.7370625
..\data\raw\calm\03-01-02-01-01-01-15.wav,calm,normal,15,male,01,01,3.57025
..\data\raw\calm\03-01-02-01-01-01-16.wav,calm,normal,16,female,01,01,3.7036875
..\data\raw\calm\03-01-02-01-01-01-17.wav,calm,normal,17,male,01,01,3.5035
..\data\raw\calm\03-01-02-01-01-01-18.wav,calm,normal,18,female,01,01,3.470125
..\data\raw\calm\03-01-02-01-01-01-19.wav,calm,normal,19,male,01,01,3.6703333333333332
..\data\raw\calm\03-01-02-01-01-01-20.wav,calm,normal,20,female,01,01,3.6369583333333333
..\data\raw\calm\03-01-02-01-01-01-21.wav,calm,normal,21,male,01,01,4.037375
..\data\raw\calm\03-01-02-01-01-01-22.wav,calm,normal,22,female,01,01,3.5368541666666666
..\data\raw\calm\03-01-02-01-01-01-23.wav,calm,normal,23,male,01,01,3.970625
..\data\raw\calm\03-01-02-01-01-01-24.wav,calm,normal,24,female,01,01,3.5702291666666666
..\data\raw\calm\03-01-02-01-01-02-01.wav,calm,normal,1,male,01,02,3.6035833333333334
..\data\raw\calm\03-01-02-01-01-02-02.wav,calm,normal,2,female,01,02,4.004
..\data\raw\calm\03-01-02-01-01-02-03.wav,calm,normal,3,male,01,02,3.7370625
..\data\raw\calm\03-01-02-01-01-02-04.wav,calm,normal,4,female,01,02,3.7370625
..\data\raw\calm\03-01-02-01-01-02-05.wav,calm,normal,5,male,01,02,4.104104166666667
..\data\raw\calm\03-01-02-01-01-02-06.wav,calm,normal,6,female,01,02,4.104104166666667
..\data\raw\calm\03-01-02-01-01-02-07.wav,calm,normal,7,male,01,02,3.7370625
..\data\raw\calm\03-01-02-01-01-02-08.wav,calm,normal,8,female,01,02,3.4034166666666668
..\data\raw\calm\03-01-02-01-01-02-09.wav,calm,normal,9,male,01,02,3.3366666666666664
..\data\raw\calm\03-01-02-01-01-02-10.wav,calm,normal,10,female,01,02,3.6035833333333334
..\data\raw\calm\03-01-02-01-01-02-11.wav,calm,normal,11,male,01,02,3.3366666666666664
..\data\raw\calm\03-01-02-01-01-02-12.wav,calm,normal,12,female,01,02,3.7704166666666667
..\data\raw\calm\03-01-02-01-01-02-13.wav,calm,normal,13,male,01,02,3.1698333333333335
..\data\raw\calm\03-01-02-01-01-02-14.wav,calm,normal,14,female,01,02,3.5702291666666666
..\data\raw\calm\03-01-02-01-01-02-15.wav,calm,normal,15,male,01,02,3.5702291666666666
..\data\raw\calm\03-01-02-01-01-02-16.wav,calm,normal,16,female,01,02,3.8705208333333334
..\data\raw\calm\03-01-02-01-01-02-17.wav,calm,normal,17,male,01,02,3.536875
..\data\raw\calm\03-01-02-01-01-02-18.wav,calm,normal,18,female,01,02,3.4034166666666668
..\data\raw\calm\03-01-02-01-01-02-19.wav,calm,normal,19,male,01,02,3.6703333333333332
..\data\raw\calm\03-01-02-01-01-02-20.wav,calm,normal,20,female,01,02,3.5702291666666666
..\data\raw\calm\03-01-02-01-01-02-21.wav,calm,normal,21,male,01,02,4.004
..\data\raw\calm\03-01-02-01-01-02-22.wav,calm,normal,22,female,01,02,3.5702291666666666
..\data\raw\calm\03-01-02-01-01-02-23.wav,calm,normal,23,male,01,02,4.070729166666666
..\data\raw\calm\03-01-02-01-01-02-24.wav,calm,normal,24,female,01,02,3.5035
..\data\raw\calm\03-01-02-01-02-01-01.wav,calm,normal,1,male,02,01,3.5035
..\data\raw\calm\03-01-02-01-02-01-02.wav,calm,normal,2,female,02,01,3.8371666666666666
..\data\raw\calm\03-01-02-01-02-01-03.wav,calm,normal,3,male,02,01,3.8371666666666666
..\data\raw\calm\03-01-02-01-02-01-04.wav,calm,normal,4,female,02,01,3.636979166666667
..\data\raw\calm\03-01-02-01-02-01-05.wav,calm,normal,5,male,02,01,4.137479166666667
..\data\raw\calm\03-01-02-01-02-01-06.wav,calm,normal,6,female,02,01,3.970625
..\data\raw\calm\03-01-02-01-02-01-07.wav,calm,normal,7,male,02,01,3.5035
..\data\raw\calm\03-01-02-01-02-01-08.wav,calm,normal,8,female,02,01,3.470125
..\data\raw\calm\03-01-02-01-02-01-09.wav,calm,normal,9,male,02,01,3.4701458333333335
..\data\raw\calm\03-01-02-01-02-01-10.wav,calm,normal,10,female,02,01,3.6369583333333333
..\data\raw\calm\03-01-02-01-02-01-11.wav,calm,normal,11,male,02,01,3.3366666666666664
..\data\raw\calm\03-01-02-01-02-01-12.wav,calm,normal,12,female,02,01,3.7704375
..\data\raw\calm\03-01-02-01-02-01-13.wav,calm,normal,13,male,02,01,3.136458333333333
..\data\raw\calm\03-01-02-01-02-01-14.wav,calm,normal,14,female,02,01,3.4034166666666668
..\data\raw\calm\03-01-02-01-02-01-15.wav,calm,normal,15,male,02,01,3.7370625
..\data\raw\calm\03-01-02-01-02-01-16.wav,calm,normal,16,female,02,01,3.8037916666666667
..\data\raw\calm\03-01-02-01-02-01-17.wav,calm,normal,17,male,02,01,3.7370833333333335
..\data\raw\calm\03-01-02-01-02-01-18.wav,calm,normal,18,female,02,01,3.636979166666667
..\data\raw\calm\03-01-02-01-02-01-19.wav,calm,normal,19,male,02,01,3.3366666666666664
..\data\raw\calm\03-01-02-01-02-01-20.wav,calm,normal,20,female,02,01,3.3366666666666664
..\data\raw\calm\03-01-02-01-02-01-21.wav,calm,normal,21,male,02,01,3.8038125
..\data\raw\calm\03-01-02-01-02-01-22.wav,calm,normal,22,female,02,01,3.5702291666666666
..\data\raw\calm\03-01-02-01-02-01-23.wav,calm,normal,23,male,02,01,4.170833333333333
..\data\raw\calm\03-01-02-01-02-01-24.wav,calm,normal,24,female,02,01,3.8705416666666665
..\data\raw\calm\03-01-02-01-02-02-01.wav,calm,normal,1,male,02,02,3.4701458333333335
..\data\raw\calm\03-01-02-01-02-02-02.wav,calm,normal,2,female,02,02,3.970625
..\data\raw\calm\03-01-02-01-02-02-03.wav,calm,normal,3,male,02,02,3.970625
..\data\raw\calm\03-01-02-01-02-02-04.wav,calm,normal,4,female,02,02,3.57025
..\data\raw\calm\03-01-02-01-02-02-05.wav,calm,normal,5,male,02,02,4.2375625
..\data\raw\calm\03-01-02-01-02-02-06.wav,calm,normal,6,female,02,02,4.2041875
..\data\raw\calm\03-01-02-01-02-02-07.wav,calm,normal,7,male,02,02,3.536875
..\data\raw\calm\03-01-02-01-02-02-08.wav,calm,normal,8,female,02,02,3.470125
..\data\raw\calm\03-01-02-01-02-02-09.wav,calm,normal,9,male,02,02,3.5702291666666666
..\data\raw\calm\03-01-02-01-02-02-10.wav,calm,normal,10,female,02,02,3.703708333333333
..\data\raw\calm\03-01-02-01-02-02-11.wav,calm,normal,11,male,02,02,3.6703333333333332
..\data\raw\calm\03-01-02-01-02-02-12.wav,calm,normal,12,female,02,02,3.6703333333333332
..\data\raw\calm\03-01-02-01-02-02-13.wav,calm,normal,13,male,02,02,2.9362708333333334
..\data\raw\calm\03-01-02-01-02-02-14.wav,calm,normal,14,female,02,02,3.5035
..\data\raw\calm\03-01-02-01-02-02-15.wav,calm,normal,15,male,02,02,3.5702291666666666
..\data\raw\calm\03-01-02-01-02-02-16.wav,calm,normal,16,female,02,02,3.6703333333333332
..\data\raw\calm\03-01-02-01-02-02-17.wav,calm,normal,17,male,02,02,3.7704375
..\data\raw\calm\03-01-02-01-02-02-18.wav,calm,normal,18,female,02,02,3.5035
..\data\raw\calm\03-01-02-01-02-02-19.wav,calm,normal,19,male,02,02,3.470125
..\data\raw\calm\03-01-02-01-02-02-20.wav,calm,normal,20,female,02,02,3.5035
..\data\raw\calm\03-01-02-01-02-02-21.wav,calm,normal,21,male,02,02,4.070729166666666
..\data\raw\calm\03-01-02-01-02-02-22.wav,calm,normal,22,female,02,02,3.536875
..\data\raw\calm\03-01-02-01-02-02-23.wav,calm,normal,23,male,02,02,4.004
..\data\raw\calm\03-01-02-01-02-02-24.wav,calm,normal,24,female,02,02,3.7036875
..\data\raw\calm\03-01-02-02-01-01-01.wav,calm,strong,1,male,01,01,3.703708333333333
..\data\raw\calm\03-01-02-02-01-01-02.wav,calm,strong,2,female,01,01,4.137479166666667
..\data\raw\calm\03-01-02-02-01-01-03.wav,calm,strong,3,male,01,01,4.037375
..\data\raw\calm\03-01-02-02-01-01-04.wav,calm,strong,4,female,01,01,3.970625
..\data\raw\calm\03-01-02-02-01-01-05.wav,calm,strong,5,male,01,01,4.7380625
..\data\raw\calm\03-01-02-02-01-01-06.wav,calm,strong,6,female,01,01,4.5045
..\data\raw\calm\03-01-02-02-01-01-07.wav,calm,strong,7,male,01,01,4.004
..\data\raw\calm\03-01-02-02-01-01-08.wav,calm,strong,8,female,01,01,3.6369583333333333
..\data\raw\calm\03-01-02-02-01-01-09.wav,calm,strong,9,male,01,01,3.3366666666666664
..\data\raw\calm\03-01-02-02-01-01-10.wav,calm,strong,10,female,01,01,3.7370625
..\data\raw\calm\03-01-02-02-01-01-11.wav,calm,strong,11,male,01,01,3.8371666666666666
..\data\raw\calm\03-01-02-02-01-01-12.wav,calm,strong,12,female,01,01,3.970625
..\data\raw\calm\03-01-02-02-01-01-13.wav,calm,strong,13,male,01,01,3.1364791666666667
..\data\raw\calm\03-01-02-02-01-01-14.wav,calm,strong,14,female,01,01,3.8705208333333334
..\data\raw\calm\03-01-02-02-01-01-15.wav,calm,strong,15,male,01,01,3.6703333333333332
..\data\raw\calm\03-01-02-02-01-01-16.wav,calm,strong,16,female,01,01,3.8705208333333334
..\data\raw\calm\03-01-02-02-01-01-17.wav,calm,strong,17,male,01,01,3.8705416666666665
..\data\raw\calm\03-01-02-02-01-01-18.wav,calm,strong,18,female,01,01,3.6036041666666665
..\data\raw\calm\03-01-02-02-01-01-19.wav,calm,strong,19,male,01,01,4.471145833333333
..\data\raw\calm\03-01-02-02-01-01-20.wav,calm,strong,20,female,01,01,3.8705416666666665
..\data\raw\calm\03-01-02-02-01-01-21.wav,calm,strong,21,male,01,01,4.004
..\data\raw\calm\03-01-02-02-01-01-22.wav,calm,strong,22,female,01,01,3.703708333333333
..\data\raw\calm\03-01-02-02-01-01-23.wav,calm,strong,23,male,01,01,4.604604166666666
..\data\raw\calm\03-01-02-02-01-01-24.wav,calm,strong,24,female,01,01,4.104104166666667
..\data\raw\calm\03-01-02-02-01-02-01.wav,calm,strong,1,male,01,02,4.004
..\data\raw\calm\03-01-02-02-01-02-02.wav,calm,strong,2,female,01,02,4.037375
..\data\raw\calm\03-01-02-02-01-02-03.wav,calm,strong,3,male,01,02,3.970645833333333
..\data\raw\calm\03-01-02-02-01-02-04.wav,calm,strong,4,female,01,02,3.8038125
..\data\raw\calm\03-01-02-02-01-02-05.wav,calm,strong,5,male,01,02,4.5045
..\data\raw\calm\03-01-02-02-01-02-06.wav,calm,strong,6,female,01,02,4.637979166666667
..\data\raw\calm\03-01-02-02-01-02-07.wav,calm,strong,7,male,01,02,3.8705416666666665
..\data\raw\calm\03-01-02-02-01-02-08.wav,calm,strong,8,female,01,02,3.7370625
..\data\raw\calm\03-01-02-02-01-02-09.wav,calm,strong,9,male,01,02,3.4367708333333336
..\data\raw\calm\03-01-02-02-01-02-10.wav,calm,strong,10,female,01,02,3.7370625
..\data\raw\calm\03-01-02-02-01-02-11.wav,calm,strong,11,male,01,02,3.7370833333333335
..\data\raw\calm\03-01-02-02-01-02-12.wav,calm,strong,12,female,01,02,3.7704375
..\data\raw\calm\03-01-02-02-01-02-13.wav,calm,strong,13,male,01,02,3.2032083333333334
..\data\raw\calm\03-01-02-02-01-02-14.wav,calm,strong,14,female,01,02,3.9038958333333333
..\data\raw\calm\03-01-02-02-01-02-15.wav,calm,strong,15,male,01,02,3.8038125
..\data\raw\calm\03-01-02-02-01-02-16.wav,calm,strong,16,female,01,02,3.9372708333333333
..\data\raw\calm\03-01-02-02-01-02-17.wav,calm,strong,17,male,01,02,3.6036041666666665
..\data\raw\calm\03-01-02-02-01-02-18.wav,calm,strong,18,female,01,02,3.6036041666666665
..\data\raw\calm\03-01-02-02-01-02-19.wav,calm,strong,19,male,01,02,4.037375
..\data\raw\calm\03-01-02-02-01-02-20.wav,calm,strong,20,female,01,02,4.07075
..\data\raw\calm\03-01-02-02-01-02-21.wav,calm,strong,21,male,01,02,4.170833333333333
..\data\raw\calm\03-01-02-02-01-02-22.wav,calm,strong,22,female,01,02,3.8371666666666666
..\data\raw\calm\03-01-02-02-01-02-23.wav,calm,strong,23,male,01,02,4.604583333333333
..\data\raw\calm\03-01-02-02-01-02-24.wav,calm,strong,24,female,01,02,4.070729166666666
..\data\raw\calm\03-01-02-02-02-01-01.wav,calm,strong,1,male,02,01,4.204208333333334
..\data\raw\calm\03-01-02-02-02-01-02.wav,calm,strong,2,female,02,01,4.104104166666667
..\data\raw\calm\03-01-02-02-02-01-03.wav,calm,strong,3,male,02,01,4.137458333333333
..\data\raw\calm\03-01-02-02-02-01-04.wav,calm,strong,4,female,02,01,3.8037916666666667
..\data\raw\calm\03-01-02-02-02-01-05.wav,calm,strong,5,male,02,01,4.7714375
..\data\raw\calm\03-01-02-02-02-01-06.wav,calm,strong,6,female,02,01,4.337666666666666
..\data\raw\calm\03-01-02-02-02-01-07.wav,calm,strong,7,male,02,01,4.2709375
..\data\raw\calm\03-01-02-02-02-01-08.wav,calm,strong,8,female,02,01,3.6703333333333332
..\data\raw\calm\03-01-02-02-02-01-09.wav,calm,strong,9,male,02,01,3.8037916666666667
..\data\raw\calm\03-01-02-02-02-01-10.wav,calm,strong,10,female,02,01,3.8037916666666667
..\data\raw\calm\03-01-02-02-02-01-11.wav,calm,strong,11,male,02,01,3.7704375
..\data\raw\calm\03-01-02-02-02-01-12.wav,calm,strong,12,female,02,01,3.7370833333333335
..\data\raw\calm\03-01-02-02-02-01-13.wav,calm,strong,13,male,02,01,3.003
..\data\raw\calm\03-01-02-02-02-01-14.wav,calm,strong,14,female,02,01,3.7370625
..\data\raw\calm\03-01-02-02-02-01-15.wav,calm,strong,15,male,02,01,3.9372708333333333
..\data\raw\calm\03-01-02-02-02-01-16.wav,calm,strong,16,female,02,01,3.8038125
..\data\raw\calm\03-01-02-02-02-01-17.wav,calm,strong,17,male,02,01,3.8371666666666666
..\data\raw\calm\03-01-02-02-02-01-18.wav,calm,strong,18,female,02,01,3.6035833333333334
..\data\raw\calm\03-01-02-02-02-01-19.wav,calm,strong,19,male,02,01,4.604604166666666
..\data\raw\calm\03-01-02-02-02-01-20.wav,calm,strong,20,female,02,01,3.6369583333333333
..\data\raw\calm\03-01-02-02-02-01-21.wav,calm,strong,21,male,02,01,4.137479166666667
..\data\raw\calm\03-01-02-02-02-01-22.wav,calm,strong,22,female,02,01,3.6369583333333333
..\data\raw\calm\03-01-02-02-02-01-23.wav,calm,strong,23,male,02,01,4.104104166666667
..\data\raw\calm\03-01-02-02-02-01-24.wav,calm,strong,24,female,02,01,4.037375
..\data\raw\calm\03-01-02-02-02-02-01.wav,calm,strong,1,male,02,02,4.004
..\data\raw\calm\03-01-02-02-02-02-02.wav,calm,strong,2,female,02,02,4.104104166666667
..\data\raw\calm\03-01-02-02-02-02-03.wav,calm,strong,3,male,02,02,4.004
..\data\raw\calm\03-01-02-02-02-02-04.wav,calm,strong,4,female,02,02,4.037375
..\data\raw\calm\03-01-02-02-02-02-05.wav,calm,strong,5,male,02,02,4.304291666666667
..\data\raw\calm\03-01-02-02-02-02-06.wav,calm,strong,6,female,02,02,4.7714375
..\data\raw\calm\03-01-02-02-02-02-07.wav,calm,strong,7,male,02,02,4.104104166666667
..\data\raw\calm\03-01-02-02-02-02-08.wav,calm,strong,8,female,02,02,3.8038125
..\data\raw\calm\03-01-02-02-02-02-09.wav,calm,strong,9,male,02,02,3.636979166666667
..\data\raw\calm\03-01-02-02-02-02-10.wav,calm,strong,10,female,02,02,3.8371666666666666
..\data\raw\calm\03-01-02-02-02-02-11.wav,calm,strong,11,male,02,02,3.8371666666666666
..\data\raw\calm\03-01-02-02-02-02-12.wav,calm,strong,12,female,02,02,3.8038125
..\data\raw\calm\03-01-02-02-02-02-13.wav,calm,strong,13,male,02,02,3.0363541666666665
..\data\raw\calm\03-01-02-02-02-02-14.wav,calm,strong,14,female,02,02,3.7704375
..\data\raw\calm\03-01-02-02-02-02-15.wav,calm,strong,15,male,02,02,3.6035833333333334
..\data\raw\calm\03-01-02-02-02-02-16.wav,calm,strong,16,female,02,02,3.8037916666666667
..\data\raw\calm\03-01-02-02-02-02-17.wav,calm,strong,17,male,02,02,3.536875
..\data\raw\calm\03-01-02-02-02-02-18.wav,calm,strong,18,female,02,02,3.6036041666666665
..\data\raw\calm\03-01-02-02-02-02-19.wav,calm,strong,19,male,02,02,4.304291666666667
..\data\raw\calm\03-01-02-02-02-02-20.wav,calm,strong,20,female,02,02,3.636979166666667
..\data\raw\calm\03-01-02-02-02-02-21.wav,calm,strong,21,male,02,02,3.970625
..\data\raw\calm\03-01-02-02-02-02-22.wav,calm,strong,22,female,02,02,3.7704375
..\data\raw\calm\03-01-02-02-02-02-23.wav,calm,strong,23,male,02,02,4.571229166666667
..\data\raw\calm\03-01-02-02-02-02-24.wav,calm,strong,24,female,02,02,4.104104166666667
..\data\raw\disgust\03-01-07-01-01-01-01.wav,disgust,normal,1,male,01,01,3.8705208333333334
..\data\raw\disgust\03-01-07-01-01-01-02.wav,disgust,normal,2,female,01,01,3.6703333333333332
..\data\raw\disgust\03-01-07-01-01-01-03.wav,disgust,normal,3,male,01,01,4.037375
..\data\raw\disgust\03-01-07-01-01-01-04.wav,disgust,normal,4,female,01,01,3.9039166666666665
..\data\raw\disgust\03-01-07-01-01-01-05.wav,disgust,normal,5,male,01,01,4.337666666666666
..\data\raw\disgust\03-01-07-01-01-01-06.wav,disgust,normal,6,female,01,01,3.5035
..\data\raw\disgust\03-01-07-01-01-01-07.wav,disgust,normal,7,male,01,01,3.5368541666666666
..\data\raw\disgust\03-01-07-01-01-01-08.wav,disgust,normal,8,female,01,01,3.9038958333333333
..\data\raw\disgust\03-01-07-01-01-01-09.wav,disgust,normal,9,male,01,01,3.403395833333333
..\data\raw\disgust\03-01-07-01-01-01-10.wav,disgust,normal,10,female,01,01,3.703708333333333
..\data\raw\disgust\03-01-07-01-01-01-11.wav,disgust,normal,11,male,01,01,3.6703333333333332
..\data\raw\disgust\03-01-07-01-01-01-12.wav,disgust,normal,12,female,01,01,3.7370625
..\data\raw\disgust\03-01-07-01-01-01-13.wav,disgust,normal,13,male,01,01,3.136458333333333
..\data\raw\disgust\03-01-07-01-01-01-14.wav,disgust,normal,14,female,01,01,3.7704166666666667
..\data\raw\disgust\03-01-07-01-01-01-15.wav,disgust,normal,15,male,01,01,3.7370625
..\data\raw\disgust\03-01-07-01-01-01-16.wav,disgust,normal,16,female,01,01,3.7704375
..\data\raw\disgust\03-01-07-01-01-01-17.wav,disgust,normal,17,male,01,01,3.8371666666666666
..\data\raw\disgust\03-01-07-01-01-01-18.wav,disgust,normal,18,female,01,01,4.3043125
..\data\raw\disgust\03-01-07-01-01-01-19.wav,disgust,normal,19,male,01,01,4.3043125
..\data\raw\disgust\03-01-07-01-01-01-20.wav,disgust,normal,20,female,01,01,3.8705208333333334
..\data\raw\disgust\03-01-07-01-01-01-21.wav,disgust,normal,21,male,01,01,3.8037916666666667
..\data\raw\disgust\03-01-07-01-01-01-22.wav,disgust,normal,22,female,01,01,3.7036875
..\data\raw\disgust\03-01-07-01-01-01-23.wav,disgust,normal,23,male,01,01,3.5702291666666666
..\data\raw\disgust\03-01-07-01-01-01-24.wav,disgust,normal,24,female,01,01,4.304291666666667
..\data\raw\disgust\03-01-07-01-01-02-01.wav,disgust,normal,1,male,01,02,3.9038958333333333
..\data\raw\disgust\03-01-07-01-01-02-02.wav,disgust,normal,2,female,01,02,3.636979166666667
..\data\raw\disgust\03-01-07-01-01-02-03.wav,disgust,normal,3,male,01,02,3.970645833333333
..\data\raw\disgust\03-01-07-01-01-02-04.wav,disgust,normal,4,female,01,02,3.9038958333333333
..\data\raw\disgust\03-01-07-01-01-02-05.wav,disgust,normal,5,male,01,02,4.104104166666667
..\data\raw\disgust\03-01-07-01-01-02-06.wav,disgust,normal,6,female,01,02,4.2709375
..\data\raw\disgust\03-01-07-01-01-02-07.wav,disgust,normal,7,male,01,02,3.5035
..\data\raw\disgust\03-01-07-01-01-02-08.wav,disgust,normal,8,female,01,02,3.6703333333333332
..\data\raw\disgust\03-01-07-01-01-02-09.wav,disgust,normal,9,male,01,02,3.5035
..\data\raw\disgust\03-01-07-01-01-02-10.wav,disgust,normal,10,female,01,02,4.2041875
..\data\raw\disgust\03-01-07-01-01-02-11.wav,disgust,normal,11,male,01,02,3.6036041666666665
..\data\raw\disgust\03-01-07-01-01-02-12.wav,disgust,normal,12,female,01,02,3.703708333333333
..\data\raw\disgust\03-01-07-01-01-02-13.wav,disgust,normal,13,male,01,02,3.1698333333333335
..\data\raw\disgust\03-01-07-01-01-02-14.wav,disgust,normal,14,female,01,02,3.6369583333333333
..\data\raw\disgust\03-01-07-01-01-02-15.wav,disgust,normal,15,male,01,02,3.6369583333333333
..\data\raw\disgust\03-01-07-01-01-02-16.wav,disgust,normal,16,female,01,02,3.7370625
..\data\raw\disgust\03-01-07-01-01-02-17.wav,disgust,normal,17,male,01,02,3.703708333333333
..\data\raw\disgust\03-01-07-01-01-02-18.wav,disgust,normal,18,female,01,02,4.07075
..\data\raw\disgust\03-01-07-01-01-02-19.wav,disgust,normal,19,male,01,02,4.838166666666667
..\data\raw\disgust\03-01-07-01-01-02-20.wav,disgust,normal,20,female,01,02,3.7370625
..\data\raw\disgust\03-01-07-01-01-02-21.wav,disgust,normal,21,male,01,02,4.07075
..\data\raw\disgust\03-01-07-01-01-02-22.wav,disgust,normal,22,female,01,02,3.9038958333333333
..\data\raw\disgust\03-01-07-01-01-02-23.wav,disgust,normal,23,male,01,02,3.5702291666666666
..\data\raw\disgust\03-01-07-01-01-02-24.wav,disgust,normal,24,female,01,02,4.104104166666667
..\data\raw\disgust\03-01-07-01-02-01-01.wav,disgust,normal,1,male,02,01,3.9038958333333333
..\data\raw\disgust\03-01-07-01-02-01-02.wav,disgust,normal,2,female,02,01,3.8705416666666665
..\data\raw\disgust\03-01-07-01-02-01-03.wav,disgust,normal,3,male,02,01,3.6036041666666665
..\data\raw\disgust\03-01-07-01-02-01-04.wav,disgust,normal,4,female,02,01,3.7704375
..\data\raw\disgust\03-01-07-01-02-01-05.wav,disgust,normal,5,male,02,01,3.9038958333333333
..\data\raw\disgust\03-01-07-01-02-01-06.wav,disgust,normal,6,female,02,01,3.7370625
..\data\raw\disgust\03-01-07-01-02-01-07.wav,disgust,normal,7,male,02,01,3.4367708333333336
..\data\raw\disgust\03-01-07-01-02-01-08.wav,disgust,normal,8,female,02,01,3.9372708333333333
..\data\raw\disgust\03-01-07-01-02-01-09.wav,disgust,normal,9,male,02,01,3.470125
..\data\raw\disgust\03-01-07-01-02-01-10.wav,disgust,normal,10,female,02,01,3.8705416666666665
..\data\raw\disgust\03-01-07-01-02-01-11.wav,disgust,normal,11,male,02,01,3.470125
..\data\raw\disgust\03-01-07-01-02-01-12.wav,disgust,normal,12,female,02,01,3.6036041666666665
..\data\raw\disgust\03-01-07-01-02-01-13.wav,disgust,normal,13,male,02,01,3.2699375
..\data\raw\disgust\03-01-07-01-02-01-14.wav,disgust,normal,14,female,02,01,3.7370625
..\data\raw\disgust\03-01-07-01-02-01-15.wav,disgust,normal,15,male,02,01,3.6703333333333332
..\data\raw\disgust\03-01-07-01-02-01-16.wav,disgust,normal,16,female,02,01,3.470125
..\data\raw\disgust\03-01-07-01-02-01-17.wav,disgust,normal,17,male,02,01,3.5702291666666666
..\data\raw\disgust\03-01-07-01-02-01-18.wav,disgust,normal,18,female,02,01,3.6703333333333332
..\data\raw\disgust\03-01-07-01-02-01-19.wav,disgust,normal,19,male,02,01,4.170833333333333
..\data\raw\disgust\03-01-07-01-02-01-20.wav,disgust,normal,20,female,02,01,3.6369583333333333
..\data\raw\disgust\03-01-07-01-02-01-21.wav,disgust,normal,21,male,02,01,3.636979166666667
..\data\raw\disgust\03-01-07-01-02-01-22.wav,disgust,normal,22,female,02,01,3.8037916666666667
..\data\raw\disgust\03-01-07-01-02-01-23.wav,disgust,normal,23,male,02,01,3.470125
..\data\raw\disgust\03-01-07-01-02-01-24.wav,disgust,normal,24,female,02,01,4.004
..\data\raw\disgust\03-01-07-01-02-02-01.wav,disgust,normal,1,male,02,02,3.8371666666666666
..\data\raw\disgust\03-01-07-01-02-02-02.wav,disgust,normal,2,female,02,02,3.8371666666666666
..\data\raw\disgust\03-01-07-01-02-02-03.wav,disgust,normal,3,male,02,02,3.7704375
..\data\raw\disgust\03-01-07-01-02-02-04.wav,disgust,normal,4,female,02,02,3.8038125
..\data\raw\disgust\03-01-07-01-02-02-05.wav,disgust,normal,5,male,02,02,3.7370625
..\data\raw\disgust\03-01-07-01-02-02-06.wav,disgust,normal,6,female,02,02,3.9372708333333333
..\data\raw\disgust\03-01-07-01-02-02-07.wav,disgust,normal,7,male,02,02,3.5368541666666666
..\data\raw\disgust\03-01-07-01-02-02-08.wav,disgust,normal,8,female,02,02,3.8371666666666666
..\data\raw\disgust\03-01-07-01-02-02-09.wav,disgust,normal,9,male,02,02,3.403395833333333
..\data\raw\disgust\03-01-07-01-02-02-10.wav,disgust,normal,10,female,02,02,4.2709375
..\data\raw\disgust\03-01-07-01-02-02-11.wav,disgust,normal,11,male,02,02,3.6703333333333332
..\data\raw\disgust\03-01-07-01-02-02-12.wav,disgust,normal,12,female,02,02,3.703708333333333
..\data\raw\disgust\03-01-07-01-02-02-13.wav,disgust,normal,13,male,02,02,3.2365625
..\data\raw\disgust\03-01-07-01-02-02-14.wav,disgust,normal,14,female,02,02,3.7704375
..\data\raw\disgust\03-01-07-01-02-02-15.wav,disgust,normal,15,male,02,02,4.070729166666666
..\data\raw\disgust\03-01-07-01-02-02-16.wav,disgust,normal,16,female,02,02,3.5702291666666666
..\data\raw\disgust\03-01-07-01-02-02-17.wav,disgust,normal,17,male,02,02,3.5035
..\data\raw\disgust\03-01-07-01-02-02-18.wav,disgust,normal,18,female,02,02,4.371041666666667
..\data\raw\disgust\03-01-07-01-02-02-19.wav,disgust,normal,19,male,02,02,3.9372708333333333
..\data\raw\disgust\03-01-07-01-02-02-20.wav,disgust,normal,20,female,02,02,3.8371666666666666
..\data\raw\disgust\03-01-07-01-02-02-21.wav,disgust,normal,21,male,02,02,3.6036041666666665
..\data\raw\disgust\03-01-07-01-02-02-22.wav,disgust,normal,22,female,02,02,3.8371666666666666
..\data\raw\disgust\03-01-07-01-02-02-23.wav,disgust,normal,23,male,02,02,3.3366666666666664
..\data\raw\disgust\03-01-07-01-02-02-24.wav,disgust,normal,24,female,02,02,4.070729166666666
..\data\raw\disgust\03-01-07-02-01-01-01.wav,disgust,strong,1,male,01,01,4.304291666666667
..\data\raw\disgust\03-01-07-02-01-01-02.wav,disgust,strong,2,female,01,01,4.137458333333333
..\data\raw\disgust\03-01-07-02-01-01-03.wav,disgust,strong,3,male,01,01,4.104104166666667
..\data\raw\disgust\03-01-07-02-01-01-04.wav,disgust,strong,4,female,01,01,4.004
..\data\raw\disgust\03-01-07-02-01-01-05.wav,disgust,strong,5,male,01,01,4.337666666666666
..\data\raw\disgust\03-01-07-02-01-01-06.wav,disgust,strong,6,female,01,01,4.3043125
..\data\raw\disgust\03-01-07-02-01-01-07.wav,disgust,strong,7,male,01,01,4.137479166666667
..\data\raw\disgust\03-01-07-02-01-01-08.wav,disgust,strong,8,female,01,01,4.070729166666666
..\data\raw\disgust\03-01-07-02-01-01-09.wav,disgust,strong,9,male,01,01,3.636979166666667
..\data\raw\disgust\03-01-07-02-01-01-10.wav,disgust,strong,10,female,01,01,4.671333333333333
..\data\raw\disgust\03-01-07-02-01-01-11.wav,disgust,strong,11,male,01,01,3.8038125
..\data\raw\disgust\03-01-07-02-01-01-12.wav,disgust,strong,12,female,01,01,3.970645833333333
..\data\raw\disgust\03-01-07-02-01-01-13.wav,disgust,strong,13,male,01,01,3.403395833333333
..\data\raw\disgust\03-01-07-02-01-01-14.wav,disgust,strong,14,female,01,01,3.93725
..\data\raw\disgust\03-01-07-02-01-01-15.wav,disgust,strong,15,male,01,01,3.7036875
..\data\raw\disgust\03-01-07-02-01-01-16.wav,disgust,strong,16,female,01,01,4.2709166666666665
..\data\raw\disgust\03-01-07-02-01-01-17.wav,disgust,strong,17,male,01,01,4.204208333333334
..\data\raw\disgust\03-01-07-02-01-01-18.wav,disgust,strong,18,female,01,01,4.771416666666667
..\data\raw\disgust\03-01-07-02-01-01-19.wav,disgust,strong,19,male,01,01,4.8048125
..\data\raw\disgust\03-01-07-02-01-01-20.wav,disgust,strong,20,female,01,01,4.104104166666667
..\data\raw\disgust\03-01-07-02-01-01-21.wav,disgust,strong,21,male,01,01,4.070729166666666
..\data\raw\disgust\03-01-07-02-01-01-22.wav,disgust,strong,22,female,01,01,4.2375625
..\data\raw\disgust\03-01-07-02-01-01-23.wav,disgust,strong,23,male,01,01,4.070729166666666
..\data\raw\disgust\03-01-07-02-01-01-24.wav,disgust,strong,24,female,01,01,4.337666666666666
..\data\raw\disgust\03-01-07-02-01-02-01.wav,disgust,strong,1,male,01,02,4.104104166666667
..\data\raw\disgust\03-01-07-02-01-02-02.wav,disgust,strong,2,female,01,02,4.137458333333333
..\data\raw\disgust\03-01-07-02-01-02-03.wav,disgust,strong,3,male,01,02,4.104104166666667
..\data\raw\disgust\03-01-07-02-01-02-04.wav,disgust,strong,4,female,01,02,4.037375
..\data\raw\disgust\03-01-07-02-01-02-05.wav,disgust,strong,5,male,01,02,3.9038958333333333
..\data\raw\disgust\03-01-07-02-01-02-06.wav,disgust,strong,6,female,01,02,3.9372708333333333
..\data\raw\disgust\03-01-07-02-01-02-07.wav,disgust,strong,7,male,01,02,4.404395833333333
..\data\raw\disgust\03-01-07-02-01-02-08.wav,disgust,strong,8,female,01,02,3.7704375
..\data\raw\disgust\03-01-07-02-01-02-09.wav,disgust,strong,9,male,01,02,3.5368541666666666
..\data\raw\disgust\03-01-07-02-01-02-10.wav,disgust,strong,10,female,01,02,4.537875
..\data\raw\disgust\03-01-07-02-01-02-11.wav,disgust,strong,11,male,01,02,3.8038125
..\data\raw\disgust\03-01-07-02-01-02-12.wav,disgust,strong,12,female,01,02,4.5378541666666665
..\data\raw\disgust\03-01-07-02-01-02-13.wav,disgust,strong,13,male,01,02,3.703708333333333
..\data\raw\disgust\03-01-07-02-01-02-14.wav,disgust,strong,14,female,01,02,3.7370625
..\data\raw\disgust\03-01-07-02-01-02-15.wav,disgust,strong,15,male,01,02,3.370041666666667
..\data\raw\disgust\03-01-07-02-01-02-16.wav,disgust,strong,16,female,01,02,4.237583333333333
..\data\raw\disgust\03-01-07-02-01-02-17.wav,disgust,strong,17,male,01,02,4.170833333333333
..\data\raw\disgust\03-01-07-02-01-02-18.wav,disgust,strong,18,female,01,02,4.471145833333333
..\data\raw\disgust\03-01-07-02-01-02-19.wav,disgust,strong,19,male,01,02,5.2719375
..\data\raw\disgust\03-01-07-02-01-02-20.wav,disgust,strong,20,female,01,02,4.1040833333333335
..\data\raw\disgust\03-01-07-02-01-02-21.wav,disgust,strong,21,male,01,02,4.037354166666667
..\data\raw\disgust\03-01-07-02-01-02-22.wav,disgust,strong,22,female,01,02,4.170833333333333
..\data\raw\disgust\03-01-07-02-01-02-23.wav,disgust,strong,23,male,01,02,3.8705208333333334
..\data\raw\disgust\03-01-07-02-01-02-24.wav,disgust,strong,24,female,01,02,4.637958333333334
..\data\raw\disgust\03-01-07-02-02-01-01.wav,disgust,strong,1,male,02,01,4.037375
..\data\raw\disgust\03-01-07-02-02-01-02.wav,disgust,strong,2,female,02,01,4.004
..\data\raw\disgust\03-01-07-02-02-01-03.wav,disgust,strong,3,male,02,01,3.8371666666666666
..\data\raw\disgust\03-01-07-02-02-01-04.wav,disgust,strong,4,female,02,01,3.8705416666666665
..\data\raw\disgust\03-01-07-02-02-01-05.wav,disgust,strong,5,male,02,01,4.2709375
..\data\raw\disgust\03-01-07-02-02-01-06.wav,disgust,strong,6,female,02,01,4.037354166666667
..\data\raw\disgust\03-01-07-02-02-01-07.wav,disgust,strong,7,male,02,01,4.137458333333333
..\data\raw\disgust\03-01-07-02-02-01-08.wav,disgust,strong,8,female,02,01,3.7370833333333335
..\data\raw\disgust\03-01-07-02-02-01-09.wav,disgust,strong,9,male,02,01,3.5702291666666666
..\data\raw\disgust\03-01-07-02-02-01-10.wav,disgust,strong,10,female,02,01,4.2041875
..\data\raw\disgust\03-01-07-02-02-01-11.wav,disgust,strong,11,male,02,01,3.7370625
..\data\raw\disgust\03-01-07-02-02-01-12.wav,disgust,strong,12,female,02,01,4.204208333333334
..\data\raw\disgust\03-01-07-02-02-01-13.wav,disgust,strong,13,male,02,01,3.403395833333333
..\data\raw\disgust\03-01-07-02-02-01-14.wav,disgust,strong,14,female,02,01,3.6703333333333332
..\data\raw\disgust\03-01-07-02-02-01-15.wav,disgust,strong,15,male,02,01,3.3033125
..\data\raw\disgust\03-01-07-02-02-01-16.wav,disgust,strong,16,female,02,01,4.137458333333333
..\data\raw\disgust\03-01-07-02-02-01-17.wav,disgust,strong,17,male,02,01,4.471145833333333
..\data\raw\disgust\03-01-07-02-02-01-18.wav,disgust,strong,18,female,02,01,4.637958333333334
..\data\raw\disgust\03-01-07-02-02-01-19.wav,disgust,strong,19,male,02,01,4.904895833333334
..\data\raw\disgust\03-01-07-02-02-01-20.wav,disgust,strong,20,female,02,01,4.7380625
..\data\raw\disgust\03-01-07-02-02-01-21.wav,disgust,strong,21,male,02,01,4.170833333333333
..\data\raw\disgust\03-01-07-02-02-01-22.wav,disgust,strong,22,female,02,01,4.204208333333334
..\data\raw\disgust\03-01-07-02-02-01-23.wav,disgust,strong,23,male,02,01,3.7370625
..\data\raw\disgust\03-01-07-02-02-01-24.wav,disgust,strong,24,female,02,01,4.2375625
..\data\raw\disgust\03-01-07-02-02-02-01.wav,disgust,strong,1,male,02,02,4.371020833333334
..\data\raw\disgust\03-01-07-02-02-02-02.wav,disgust,strong,2,female,02,02,4.037375
..\data\raw\disgust\03-01-07-02-02-02-03.wav,disgust,strong,3,male,02,02,3.9372708333333333
..\data\raw\disgust\03-01-07-02-02-02-04.wav,disgust,strong,4,female,02,02,3.9372708333333333
..\data\raw\disgust\03-01-07-02-02-02-05.wav,disgust,strong,5,male,02,02,4.537875
..\data\raw\disgust\03-01-07-02-02-02-06.wav,disgust,strong,6,female,02,02,3.970625
..\data\raw\disgust\03-01-07-02-02-02-07.wav,disgust,strong,7,male,02,02,4.771416666666667
..\data\raw\disgust\03-01-07-02-02-02-08.wav,disgust,strong,8,female,02,02,3.8705208333333334
..\data\raw\disgust\03-01-07-02-02-02-09.wav,disgust,strong,9,male,02,02,3.6035833333333334
..\data\raw\disgust\03-01-07-02-02-02-10.wav,disgust,strong,10,female,02,02,4.871541666666666
..\data\raw\disgust\03-01-07-02-02-02-11.wav,disgust,strong,11,male,02,02,3.7370625
..\data\raw\disgust\03-01-07-02-02-02-12.wav,disgust,strong,12,female,02,02,3.970645833333333
..\data\raw\disgust\03-01-07-02-02-02-13.wav,disgust,strong,13,male,02,02,3.4367708333333336
..\data\raw\disgust\03-01-07-02-02-02-14.wav,disgust,strong,14,female,02,02,3.8037916666666667
..\data\raw\disgust\03-01-07-02-02-02-15.wav,disgust,strong,15,male,02,02,3.4701458333333335
..\data\raw\disgust\03-01-07-02-02-02-16.wav,disgust,strong,16,female,02,02,4.137479166666667
..\data\raw\disgust\03-01-07-02-02-02-17.wav,disgust,strong,17,male,02,02,4.604604166666666
..\data\raw\disgust\03-01-07-02-02-02-18.wav,disgust,strong,18,female,02,02,4.571229166666667
..\data\raw\disgust\03-01-07-02-02-02-19.wav,disgust,strong,19,male,02,02,4.938270833333333
..\data\raw\disgust\03-01-07-02-02-02-20.wav,disgust,strong,20,female,02,02,3.8705208333333334
..\data\raw\disgust\03-01-07-02-02-02-21.wav,disgust,strong,21,male,02,02,3.970625
..\data\raw\disgust\03-01-07-02-02-02-22.wav,disgust,strong,22,female,02,02,4.1040833333333335
..\data\raw\disgust\03-01-07-02-02-02-23.wav,disgust,strong,23,male,02,02,3.8705208333333334
..\data\raw\disgust\03-01-07-02-02-02-24.wav,disgust,strong,24,female,02,02,4.437770833333333
..\data\raw\fearful\03-01-06-01-01-01-01.wav,fearful,normal,1,male,01,01,3.6703333333333332
..\data\raw\fearful\03-01-06-01-01-01-02.wav,fearful,normal,2,female,01,01,3.636979166666667
..\data\raw\fearful\03-01-06-01-01-01-03.wav,fearful,normal,3,male,01,01,3.7370833333333335
..\data\raw\fearful\03-01-06-01-01-01-04.wav,fearful,normal,4,female,01,01,3.3032916666666665
..\data\raw\fearful\03-01-06-01-01-01-05.wav,fearful,normal,5,male,01,01,3.1364791666666667
..\data\raw\fearful\03-01-06-01-01-01-06.wav,fearful,normal,6,female,01,01,3.6369583333333333
..\data\raw\fearful\03-01-06-01-01-01-07.wav,fearful,normal,7,male,01,01,3.4367708333333336
..\data\raw\fearful\03-01-06-01-01-01-08.wav,fearful,normal,8,female,01,01,3.970645833333333
..\data\raw\fearful\03-01-06-01-01-01-09.wav,fearful,normal,9,male,01,01,3.1698333333333335
..\data\raw\fearful\03-01-06-01-01-01-10.wav,fearful,normal,10,female,01,01,3.4034166666666668
..\data\raw\fearful\03-01-06-01-01-01-11.wav,fearful,normal,11,male,01,01,3.470125
..\data\raw\fearful\03-01-06-01-01-01-12.wav,fearful,normal,12,female,01,01,3.4034166666666668
..\data\raw\fearful\03-01-06-01-01-01-13.wav,fearful,normal,13,male,01,01,3.1364791666666667
..\data\raw\fearful\03-01-06-01-01-01-14.wav,fearful,normal,14,female,01,01,3.3700208333333332
..\data\raw\fearful\03-01-06-01-01-01-15.wav,fearful,normal,15,male,01,01,3.3032916666666665
..\data\raw\fearful\03-01-06-01-01-01-16.wav,fearful,normal,16,female,01,01,3.7036875
..\data\raw\fearful\03-01-06-01-01-01-17.wav,fearful,normal,17,male,01,01,3.470125
..\data\raw\fearful\03-01-06-01-01-01-18.wav,fearful,normal,18,female,01,01,3.4367708333333336
..\data\raw\fearful\03-01-06-01-01-01-19.wav,fearful,normal,19,male,01,01,3.7036875
..\data\raw\fearful\03-01-06-01-01-01-20.wav,fearful,normal,20,female,01,01,3.8038125
..\data\raw\fearful\03-01-06-01-01-01-21.wav,fearful,normal,21,male,01,01,3.6703333333333332
..\data\raw\fearful\03-01-06-01-01-01-22.wav,fearful,normal,22,female,01,01,3.57025
..\data\raw\fearful\03-01-06-01-01-01-23.wav,fearful,normal,23,male,01,01,3.4367708333333336
..\data\raw\fearful\03-01-06-01-01-01-24.wav,fearful,normal,24,female,01,01,4.104104166666667
..\data\raw\fearful\03-01-06-01-01-02-01.wav,fearful,normal,1,male,01,02,3.636979166666667
..\data\raw\fearful\03-01-06-01-01-02-02.wav,fearful,normal,2,female,01,02,3.7370625
..\data\raw\fearful\03-01-06-01-01-02-03.wav,fearful,normal,3,male,01,02,3.8371666666666666
..\data\raw\fearful\03-01-06-01-01-02-04.wav,fearful,normal,4,female,01,02,3.2365833333333334
..\data\raw\fearful\03-01-06-01-01-02-05.wav,fearful,normal,5,male,01,02,3.3700208333333332
..\data\raw\fearful\03-01-06-01-01-02-06.wav,fearful,normal,6,female,01,02,3.4367708333333336
..\data\raw\fearful\03-01-06-01-01-02-07.wav,fearful,normal,7,male,01,02,3.5035
..\data\raw\fearful\03-01-06-01-01-02-08.wav,fearful,normal,8,female,01,02,3.6703333333333332
..\data\raw\fearful\03-01-06-01-01-02-09.wav,fearful,normal,9,male,01,02,3.1698333333333335
..\data\raw\fearful\03-01-06-01-01-02-10.wav,fearful,normal,10,female,01,02,3.3033125
..\data\raw\fearful\03-01-06-01-01-02-11.wav,fearful,normal,11,male,01,02,3.5035
..\data\raw\fearful\03-01-06-01-01-02-12.wav,fearful,normal,12,female,01,02,3.5035
..\data\raw\fearful\03-01-06-01-01-02-13.wav,fearful,normal,13,male,01,02,3.1698333333333335
..\data\raw\fearful\03-01-06-01-01-02-14.wav,fearful,normal,14,female,01,02,3.5702291666666666
..\data\raw\fearful\03-01-06-01-01-02-15.wav,fearful,normal,15,male,01,02,3.3033125
..\data\raw\fearful\03-01-06-01-01-02-16.wav,fearful,normal,16,female,01,02,3.5035
..\data\raw\fearful\03-01-06-01-01-02-17.wav,fearful,normal,17,male,01,02,3.5035
..\data\raw\fearful\03-01-06-01-01-02-18.wav,fearful,normal,18,female,01,02,3.403395833333333
..\data\raw\fearful\03-01-06-01-01-02-19.wav,fearful,normal,19,male,01,02,3.5035
..\data\raw\fearful\03-01-06-01-01-02-20.wav,fearful,normal,20,female,01,02,4.371020833333334
..\data\raw\fearful\03-01-06-01-01-02-21.wav,fearful,normal,21,male,01,02,3.7704166666666667
..\data\raw\fearful\03-01-06-01-01-02-22.wav,fearful,normal,22,female,01,02,3.6036041666666665
..\data\raw\fearful\03-01-06-01-01-02-23.wav,fearful,normal,23,male,01,02,3.2365625
..\data\raw\fearful\03-01-06-01-01-02-24.wav,fearful,normal,24,female,01,02,4.070729166666666
..\data\raw\fearful\03-01-06-01-02-01-01.wav,fearful,normal,1,male,02,01,3.4367708333333336
..\data\raw\fearful\03-01-06-01-02-01-02.wav,fearful,normal,2,female,02,01,3.6703333333333332
..\data\raw\fearful\03-01-06-01-02-01-03.wav,fearful,normal,3,male,02,01,3.5035
..\data\raw\fearful\03-01-06-01-02-01-04.wav,fearful,normal,4,female,02,01,3.470125
..\data\raw\fearful\03-01-06-01-02-01-05.wav,fearful,normal,5,male,02,01,3.136458333333333
..\data\raw\fearful\03-01-06-01-02-01-06.wav,fearful,normal,6,female,02,01,3.57025
..\data\raw\fearful\03-01-06-01-02-01-07.wav,fearful,normal,7,male,02,01,3.4367708333333336
..\data\raw\fearful\03-01-06-01-02-01-08.wav,fearful,normal,8,female,02,01,3.7704375
..\data\raw\fearful\03-01-06-01-02-01-09.wav,fearful,normal,9,male,02,01,3.1364791666666667
..\data\raw\fearful\03-01-06-01-02-01-10.wav,fearful,normal,10,female,02,01,3.5368541666666666
..\data\raw\fearful\03-01-06-01-02-01-11.wav,fearful,normal,11,male,02,01,3.1698333333333335
..\data\raw\fearful\03-01-06-01-02-01-12.wav,fearful,normal,12,female,02,01,3.3700208333333332
..\data\raw\fearful\03-01-06-01-02-01-13.wav,fearful,normal,13,male,02,01,3.2032083333333334
..\data\raw\fearful\03-01-06-01-02-01-14.wav,fearful,normal,14,female,02,01,3.370041666666667
..\data\raw\fearful\03-01-06-01-02-01-15.wav,fearful,normal,15,male,02,01,3.2699375
..\data\raw\fearful\03-01-06-01-02-01-16.wav,fearful,normal,16,female,02,01,3.6369583333333333
..\data\raw\fearful\03-01-06-01-02-01-17.wav,fearful,normal,17,male,02,01,3.536875
..\data\raw\fearful\03-01-06-01-02-01-18.wav,fearful,normal,18,female,02,01,3.470125
..\data\raw\fearful\03-01-06-01-02-01-19.wav,fearful,normal,19,male,02,01,3.7704375
..\data\raw\fearful\03-01-06-01-02-01-20.wav,fearful,normal,20,female,02,01,3.9372708333333333
..\data\raw\fearful\03-01-06-01-02-01-21.wav,fearful,normal,21,male,02,01,3.970625
..\data\raw\fearful\03-01-06-01-02-01-22.wav,fearful,normal,22,female,02,01,3.6703333333333332
..\data\raw\fearful\03-01-06-01-02-01-23.wav,fearful,normal,23,male,02,01,3.136458333333333
..\data\raw\fearful\03-01-06-01-02-01-24.wav,fearful,normal,24,female,02,01,3.93725
..\data\raw\fearful\03-01-06-01-02-02-01.wav,fearful,normal,1,male,02,02,3.7036875
..\data\raw\fearful\03-01-06-01-02-02-02.wav,fearful,normal,2,female,02,02,3.7370625
..\data\raw\fearful\03-01-06-01-02-02-03.wav,fearful,normal,3,male,02,02,3.2032083333333334
..\data\raw\fearful\03-01-06-01-02-02-04.wav,fearful,normal,4,female,02,02,3.470125
..\data\raw\fearful\03-01-06-01-02-02-05.wav,fearful,normal,5,male,02,02,3.069729166666667
..\data\raw\fearful\03-01-06-01-02-02-06.wav,fearful,normal,6,female,02,02,3.5035
..\data\raw\fearful\03-01-06-01-02-02-07.wav,fearful,normal,7,male,02,02,3.370041666666667
..\data\raw\fearful\03-01-06-01-02-02-08.wav,fearful,normal,8,female,02,02,3.6703333333333332
..\data\raw\fearful\03-01-06-01-02-02-09.wav,fearful,normal,9,male,02,02,3.136458333333333
..\data\raw\fearful\03-01-06-01-02-02-10.wav,fearful,normal,10,female,02,02,3.4367708333333336
..\data\raw\fearful\03-01-06-01-02-02-11.wav,fearful,normal,11,male,02,02,3.2032083333333334
..\data\raw\fearful\03-01-06-01-02-02-12.wav,fearful,normal,12,female,02,02,3.2032083333333334
..\data\raw\fearful\03-01-06-01-02-02-13.wav,fearful,normal,13,male,02,02,3.2365625
..\data\raw\fearful\03-01-06-01-02-02-14.wav,fearful,normal,14,female,02,02,3.3700208333333332
..\data\raw\fearful\03-01-06-01-02-02-15.wav,fearful,normal,15,male,02,02,3.3032916666666665
..\data\raw\fearful\03-01-06-01-02-02-16.wav,fearful,normal,16,female,02,02,3.5702291666666666
..\data\raw\fearful\03-01-06-01-02-02-17.wav,fearful,normal,17,male,02,02,3.6369583333333333
..\data\raw\fearful\03-01-06-01-02-02-18.wav,fearful,normal,18,female,02,02,3.4701458333333335
..\data\raw\fearful\03-01-06-01-02-02-19.wav,fearful,normal,19,male,02,02,3.536875
..\data\raw\fearful\03-01-06-01-02-02-20.wav,fearful,normal,20,female,02,02,3.3032916666666665
..\data\raw\fearful\03-01-06-01-02-02-21.wav,fearful,normal,21,male,02,02,4.070729166666666
..\data\raw\fearful\03-01-06-01-02-02-22.wav,fearful,normal,22,female,02,02,3.536875
..\data\raw\fearful\03-01-06-01-02-02-23.wav,fearful,normal,23,male,02,02,3.1031041666666668
..\data\raw\fearful\03-01-06-01-02-02-24.wav,fearful,normal,24,female,02,02,4.004
..\data\raw\fearful\03-01-06-02-01-01-01.wav,fearful,strong,1,male,01,01,5.005
..\data\raw\fearful\03-01-06-02-01-01-02.wav,fearful,strong,2,female,01,01,3.8037916666666667
..\data\raw\fearful\03-01-06-02-01-01-03.wav,fearful,strong,3,male,01,01,3.3033125
..\data\raw\fearful\03-01-06-02-01-01-04.wav,fearful,strong,4,female,01,01,3.9372708333333333
..\data\raw\fearful\03-01-06-02-01-01-05.wav,fearful,strong,5,male,01,01,3.2365625
..\data\raw\fearful\03-01-06-02-01-01-06.wav,fearful,strong,6,female,01,01,3.636979166666667
..\data\raw\fearful\03-01-06-02-01-01-07.wav,fearful,strong,7,male,01,01,3.636979166666667
..\data\raw\fearful\03-01-06-02-01-01-08.wav,fearful,strong,8,female,01,01,3.970625
..\data\raw\fearful\03-01-06-02-01-01-09.wav,fearful,strong,9,male,01,01,3.2365625
..\data\raw\fearful\03-01-06-02-01-01-10.wav,fearful,strong,10,female,01,01,3.5035
..\data\raw\fearful\03-01-06-02-01-01-11.wav,fearful,strong,11,male,01,01,3.2032083333333334
..\data\raw\fearful\03-01-06-02-01-01-12.wav,fearful,strong,12,female,01,01,3.7370833333333335
..\data\raw\fearful\03-01-06-02-01-01-13.wav,fearful,strong,13,male,01,01,3.370041666666667
..\data\raw\fearful\03-01-06-02-01-01-14.wav,fearful,strong,14,female,01,01,3.3700208333333332
..\data\raw\fearful\03-01-06-02-01-01-15.wav,fearful,strong,15,male,01,01,3.3366666666666664
..\data\raw\fearful\03-01-06-02-01-01-16.wav,fearful,strong,16,female,01,01,3.7370625
..\data\raw\fearful\03-01-06-02-01-01-17.wav,fearful,strong,17,male,01,01,3.703708333333333
..\data\raw\fearful\03-01-06-02-01-01-18.wav,fearful,strong,18,female,01,01,3.7370833333333335
..\data\raw\fearful\03-01-06-02-01-01-19.wav,fearful,strong,19,male,01,01,3.8371666666666666
..\data\raw\fearful\03-01-06-02-01-01-20.wav,fearful,strong,20,female,01,01,4.2375625
..\data\raw\fearful\03-01-06-02-01-01-21.wav,fearful,strong,21,male,01,01,3.970625
..\data\raw\fearful\03-01-06-02-01-01-22.wav,fearful,strong,22,female,01,01,3.5702291666666666
..\data\raw\fearful\03-01-06-02-01-01-23.wav,fearful,strong,23,male,01,01,3.5702291666666666
..\data\raw\fearful\03-01-06-02-01-01-24.wav,fearful,strong,24,female,01,01,3.8371666666666666
..\data\raw\fearful\03-01-06-02-01-02-01.wav,fearful,strong,1,male,01,02,4.2375625
..\data\raw\fearful\03-01-06-02-01-02-02.wav,fearful,strong,2,female,01,02,3.636979166666667
..\data\raw\fearful\03-01-06-02-01-02-03.wav,fearful,strong,3,male,01,02,3.9038958333333333
..\data\raw\fearful\03-01-06-02-01-02-04.wav,fearful,strong,4,female,01,02,3.403395833333333
..\data\raw\fearful\03-01-06-02-01-02-05.wav,fearful,strong,5,male,01,02,3.5702291666666666
..\data\raw\fearful\03-01-06-02-01-02-06.wav,fearful,strong,6,female,01,02,3.6036041666666665
..\data\raw\fearful\03-01-06-02-01-02-07.wav,fearful,strong,7,male,01,02,3.470125
..\data\raw\fearful\03-01-06-02-01-02-08.wav,fearful,strong,8,female,01,02,3.9038958333333333
..\data\raw\fearful\03-01-06-02-01-02-09.wav,fearful,strong,9,male,01,02,3.2699375
..\data\raw\fearful\03-01-06-02-01-02-10.wav,fearful,strong,10,female,01,02,3.703708333333333
..\data\raw\fearful\03-01-06-02-01-02-11.wav,fearful,strong,11,male,01,02,3.2032083333333334
..\data\raw\fearful\03-01-06-02-01-02-12.wav,fearful,strong,12,female,01,02,3.703708333333333
..\data\raw\fearful\03-01-06-02-01-02-13.wav,fearful,strong,13,male,01,02,3.2699375
..\data\raw\fearful\03-01-06-02-01-02-14.wav,fearful,strong,14,female,01,02,3.403395833333333
..\data\raw\fearful\03-01-06-02-01-02-15.wav,fearful,strong,15,male,01,02,3.4701458333333335
..\data\raw\fearful\03-01-06-02-01-02-16.wav,fearful,strong,16,female,01,02,3.7370625
..\data\raw\fearful\03-01-06-02-01-02-17.wav,fearful,strong,17,male,01,02,3.7370625
..\data\raw\fearful\03-01-06-02-01-02-18.wav,fearful,strong,18,female,01,02,4.170833333333333
..\data\raw\fearful\03-01-06-02-01-02-19.wav,fearful,strong,19,male,01,02,4.371020833333334
..\data\raw\fearful\03-01-06-02-01-02-20.wav,fearful,strong,20,female,01,02,4.170833333333333
..\data\raw\fearful\03-01-06-02-01-02-21.wav,fearful,strong,21,male,01,02,3.8371666666666666
..\data\raw\fearful\03-01-06-02-01-02-22.wav,fearful,strong,22,female,01,02,3.5702291666666666
..\data\raw\fearful\03-01-06-02-01-02-23.wav,fearful,strong,23,male,01,02,3.4367708333333336
..\data\raw\fearful\03-01-06-02-01-02-24.wav,fearful,strong,24,female,01,02,4.070729166666666
..\data\raw\fearful\03-01-06-02-02-01-01.wav,fearful,strong,1,male,02,01,3.970625
..\data\raw\fearful\03-01-06-02-02-01-02.wav,fearful,strong,2,female,02,01,3.6036041666666665
..\data\raw\fearful\03-01-06-02-02-01-03.wav,fearful,strong,3,male,02,01,3.3033125
..\data\raw\fearful\03-01-06-02-02-01-04.wav,fearful,strong,4,female,02,01,3.6036041666666665
..\data\raw\fearful\03-01-06-02-02-01-05.wav,fearful,strong,5,male,02,01,3.2365625
..\data\raw\fearful\03-01-06-02-02-01-06.wav,fearful,strong,6,female,02,01,3.7370625
..\data\raw\fearful\03-01-06-02-02-01-07.wav,fearful,strong,7,male,02,01,3.403395833333333
..\data\raw\fearful\03-01-06-02-02-01-08.wav,fearful,strong,8,female,02,01,3.8705208333333334
..\data\raw\fearful\03-01-06-02-02-01-09.wav,fearful,strong,9,male,02,01,3.2365625
..\data\raw\fearful\03-01-06-02-02-01-10.wav,fearful,strong,10,female,02,01,3.8037916666666667
..\data\raw\fearful\03-01-06-02-02-01-11.wav,fearful,strong,11,male,02,01,3.06975
..\data\raw\fearful\03-01-06-02-02-01-12.wav,fearful,strong,12,female,02,01,3.4701458333333335
..\data\raw\fearful\03-01-06-02-02-01-13.wav,fearful,strong,13,male,02,01,3.5035
..\data\raw\fearful\03-01-06-02-02-01-14.wav,fearful,strong,14,female,02,01,3.5035
..\data\raw\fearful\03-01-06-02-02-01-15.wav,fearful,strong,15,male,02,01,3.3700208333333332
..\data\raw\fearful\03-01-06-02-02-01-16.wav,fearful,strong,16,female,02,01,3.5368541666666666
..\data\raw\fearful\03-01-06-02-02-01-17.wav,fearful,strong,17,male,02,01,3.6703333333333332
..\data\raw\fearful\03-01-06-02-02-01-18.wav,fearful,strong,18,female,02,01,3.8038125
..\data\raw\fearful\03-01-06-02-02-01-19.wav,fearful,strong,19,male,02,01,3.5702291666666666
..\data\raw\fearful\03-01-06-02-02-01-20.wav,fearful,strong,20,female,02,01,3.8705416666666665
..\data\raw\fearful\03-01-06-02-02-01-21.wav,fearful,strong,21,male,02,01,3.7704375
..\data\raw\fearful\03-01-06-02-02-01-22.wav,fearful,strong,22,female,02,01,3.6703333333333332
..\data\raw\fearful\03-01-06-02-02-01-23.wav,fearful,strong,23,male,02,01,3.57025
..\data\raw\fearful\03-01-06-02-02-01-24.wav,fearful,strong,24,female,02,01,3.6035833333333334
..\data\raw\fearful\03-01-06-02-02-02-01.wav,fearful,strong,1,male,02,02,3.9039166666666665
..\data\raw\fearful\03-01-06-02-02-02-02.wav,fearful,strong,2,female,02,02,3.6036041666666665
..\data\raw\fearful\03-01-06-02-02-02-03.wav,fearful,strong,3,male,02,02,3.4367708333333336
..\data\raw\fearful\03-01-06-02-02-02-04.wav,fearful,strong,4,female,02,02,3.5702291666666666
..\data\raw\fearful\03-01-06-02-02-02-05.wav,fearful,strong,5,male,02,02,3.1031041666666668
..\data\raw\fearful\03-01-06-02-02-02-06.wav,fearful,strong,6,female,02,02,3.7370625
..\data\raw\fearful\03-01-06-02-02-02-07.wav,fearful,strong,7,male,02,02,3.5035
..\data\raw\fearful\03-01-06-02-02-02-08.wav,fearful,strong,8,female,02,02,3.9372708333333333
..\data\raw\fearful\03-01-06-02-02-02-09.wav,fearful,strong,9,male,02,02,3.2365625
..\data\raw\fearful\03-01-06-02-02-02-10.wav,fearful,strong,10,female,02,02,3.8705416666666665
..\data\raw\fearful\03-01-06-02-02-02-11.wav,fearful,strong,11,male,02,02,3.136458333333333
..\data\raw\fearful\03-01-06-02-02-02-12.wav,fearful,strong,12,female,02,02,3.6703333333333332
..\data\raw\fearful\03-01-06-02-02-02-13.wav,fearful,strong,13,male,02,02,3.2032083333333334
..\data\raw\fearful\03-01-06-02-02-02-14.wav,fearful,strong,14,female,02,02,3.470125
..\data\raw\fearful\03-01-06-02-02-02-15.wav,fearful,strong,15,male,02,02,3.5035
..\data\raw\fearful\03-01-06-02-02-02-16.wav,fearful,strong,16,female,02,02,3.5035
..\data\raw\fearful\03-01-06-02-02-02-17.wav,fearful,strong,17,male,02,02,3.8371666666666666
..\data\raw\fearful\03-01-06-02-02-02-18.wav,fearful,strong,18,female,02,02,3.8037916666666667
..\data\raw\fearful\03-01-06-02-02-02-19.wav,fearful,strong,19,male,02,02,4.037354166666667
..\data\raw\fearful\03-01-06-02-02-02-20.wav,fearful,strong,20,female,02,02,3.9039166666666665
..\data\raw\fearful\03-01-06-02-02-02-21.wav,fearful,strong,21,male,02,02,3.6369583333333333
..\data\raw\fearful\03-01-06-02-02-02-22.wav,fearful,strong,22,female,02,02,3.6036041666666665
..\data\raw\fearful\03-01-06-02-02-02-23.wav,fearful,strong,23,male,02,02,3.536875
..\data\raw\fearful\03-01-06-02-02-02-24.wav,fearful,strong,24,female,02,02,3.8371666666666666
..\data\raw\happy\03-01-03-01-01-01-01.wav,happy,normal,1,male,01,01,3.4701458333333335
..\data\raw\happy\03-01-03-01-01-01-02.wav,happy,normal,2,female,01,01,3.6036041666666665
..\data\raw\happy\03-01-03-01-01-01-03.wav,happy,normal,3,male,01,01,3.7704166666666667
..\data\raw\happy\03-01-03-01-01-01-04.wav,happy,normal,4,female,01,01,3.5035
..\data\raw\happy\03-01-03-01-01-01-05.wav,happy,normal,5,male,01,01,4.004
..\data\raw\happy\03-01-03-01-01-01-06.wav,happy,normal,6,female,01,01,3.5368541666666666
..\data\raw\happy\03-01-03-01-01-01-07.wav,happy,normal,7,male,01,01,3.5035
..\data\raw\happy\03-01-03-01-01-01-08.wav,happy,normal,8,female,01,01,3.5035
..\data\raw\happy\03-01-03-01-01-01-09.wav,happy,normal,9,male,01,01,3.3366666666666664
..\data\raw\happy\03-01-03-01-01-01-10.wav,happy,normal,10,female,01,01,3.5035
..\data\raw\happy\03-01-03-01-01-01-11.wav,happy,normal,11,male,01,01,3.1031041666666668
..\data\raw\happy\03-01-03-01-01-01-12.wav,happy,normal,12,female,01,01,3.703708333333333
..\data\raw\happy\03-01-03-01-01-01-13.wav,happy,normal,13,male,01,01,3.2365625
..\data\raw\happy\03-01-03-01-01-01-14.wav,happy,normal,14,female,01,01,3.703708333333333
..\data\raw\happy\03-01-03-01-01-01-15.wav,happy,normal,15,male,01,01,3.403395833333333
..\data\raw\happy\03-01-03-01-01-01-16.wav,happy,normal,16,female,01,01,3.703708333333333
..\data\raw\happy\03-01-03-01-01-01-17.wav,happy,normal,17,male,01,01,3.470125
..\data\raw\happy\03-01-03-01-01-01-18.wav,happy,normal,18,female,01,01,3.403395833333333
..\data\raw\happy\03-01-03-01-01-01-19.wav,happy,normal,19,male,01,01,3.6369583333333333
..\data\raw\happy\03-01-03-01-01-01-20.wav,happy,normal,20,female,01,01,3.536875
..\data\raw\happy\03-01-03-01-01-01-21.wav,happy,normal,21,male,01,01,3.8371666666666666
..\data\raw\happy\03-01-03-01-01-01-22.wav,happy,normal,22,female,01,01,3.536875
..\data\raw\happy\03-01-03-01-01-01-23.wav,happy,normal,23,male,01,01,3.3366666666666664
..\data\raw\happy\03-01-03-01-01-01-24.wav,happy,normal,24,female,01,01,3.6036041666666665
..\data\raw\happy\03-01-03-01-01-02-01.wav,happy,normal,1,male,01,02,3.470125
..\data\raw\happy\03-01-03-01-01-02-02.wav,happy,normal,2,female,01,02,3.7036875
..\data\raw\happy\03-01-03-01-01-02-03.wav,happy,normal,3,male,01,02,3.6035833333333334
..\data\raw\happy\03-01-03-01-01-02-04.wav,happy,normal,4,female,01,02,3.5368541666666666
..\data\raw\happy\03-01-03-01-01-02-05.wav,happy,normal,5,male,01,02,3.2365625
..\data\raw\happy\03-01-03-01-01-02-06.wav,happy,normal,6,female,01,02,3.6036041666666665
..\data\raw\happy\03-01-03-01-01-02-07.wav,happy,normal,7,male,01,02,3.470125
..\data\raw\happy\03-01-03-01-01-02-08.wav,happy,normal,8,female,01,02,3.43675
..\data\raw\happy\03-01-03-01-01-02-09.wav,happy,normal,9,male,01,02,3.5368541666666666
..\data\raw\happy\03-01-03-01-01-02-10.wav,happy,normal,10,female,01,02,3.470125
..\data\raw\happy\03-01-03-01-01-02-11.wav,happy,normal,11,male,01,02,3.2032083333333334
..\data\raw\happy\03-01-03-01-01-02-12.wav,happy,normal,12,female,01,02,3.7370625
..\data\raw\happy\03-01-03-01-01-02-13.wav,happy,normal,13,male,01,02,3.2032083333333334
..\data\raw\happy\03-01-03-01-01-02-14.wav,happy,normal,14,female,01,02,3.6703333333333332
..\data\raw\happy\03-01-03-01-01-02-15.wav,happy,normal,15,male,01,02,3.3366666666666664
..\data\raw\happy\03-01-03-01-01-02-16.wav,happy,normal,16,female,01,02,3.6703333333333332
..\data\raw\happy\03-01-03-01-01-02-17.wav,happy,normal,17,male,01,02,3.536875
..\data\raw\happy\03-01-03-01-01-02-18.wav,happy,normal,18,female,01,02,3.3700208333333332
..\data\raw\happy\03-01-03-01-01-02-19.wav,happy,normal,19,male,01,02,3.703708333333333
..\data\raw\happy\03-01-03-01-01-02-20.wav,happy,normal,20,female,01,02,3.7036875
..\data\raw\happy\03-01-03-01-01-02-21.wav,happy,normal,21,male,01,02,3.8037916666666667
..\data\raw\happy\03-01-03-01-01-02-22.wav,happy,normal,22,female,01,02,3.4367708333333336
..\data\raw\happy\03-01-03-01-01-02-23.wav,happy,normal,23,male,01,02,3.2699375
..\data\raw\happy\03-01-03-01-01-02-24.wav,happy,normal,24,female,01,02,3.9038958333333333
..\data\raw\happy\03-01-03-01-02-01-01.wav,happy,normal,1,male,02,01,3.5368541666666666
..\data\raw\happy\03-01-03-01-02-01-02.wav,happy,normal,2,female,02,01,3.7704375
..\data\raw\happy\03-01-03-01-02-01-03.wav,happy,normal,3,male,02,01,3.5035
..\data\raw\happy\03-01-03-01-02-01-04.wav,happy,normal,4,female,02,01,3.5035
..\data\raw\happy\03-01-03-01-02-01-05.wav,happy,normal,5,male,02,01,3.3700208333333332
..\data\raw\happy\03-01-03-01-02-01-06.wav,happy,normal,6,female,02,01,3.470125
..\data\raw\happy\03-01-03-01-02-01-07.wav,happy,normal,7,male,02,01,3.403395833333333
..\data\raw\happy\03-01-03-01-02-01-08.wav,happy,normal,8,female,02,01,3.470125
..\data\raw\happy\03-01-03-01-02-01-09.wav,happy,normal,9,male,02,01,3.3032916666666665
..\data\raw\happy\03-01-03-01-02-01-10.wav,happy,normal,10,female,02,01,3.3032916666666665
..\data\raw\happy\03-01-03-01-02-01-11.wav,happy,normal,11,male,02,01,3.1698333333333335
..\data\raw\happy\03-01-03-01-02-01-12.wav,happy,normal,12,female,02,01,3.5035
..\data\raw\happy\03-01-03-01-02-01-13.wav,happy,normal,13,male,02,01,3.1364791666666667
..\data\raw\happy\03-01-03-01-02-01-14.wav,happy,normal,14,female,02,01,3.403395833333333
..\data\raw\happy\03-01-03-01-02-01-15.wav,happy,normal,15,male,02,01,3.3366666666666664
..\data\raw\happy\03-01-03-01-02-01-16.wav,happy,normal,16,female,02,01,3.7370625
..\data\raw\happy\03-01-03-01-02-01-17.wav,happy,normal,17,male,02,01,3.4701458333333335
..\data\raw\happy\03-01-03-01-02-01-18.wav,happy,normal,18,female,02,01,3.43675
..\data\raw\happy\03-01-03-01-02-01-19.wav,happy,normal,19,male,02,01,3.2699375
..\data\raw\happy\03-01-03-01-02-01-20.wav,happy,normal,20,female,02,01,3.470125
..\data\raw\happy\03-01-03-01-02-01-21.wav,happy,normal,21,male,02,01,3.703708333333333
..\data\raw\happy\03-01-03-01-02-01-22.wav,happy,normal,22,female,02,01,3.5035
..\data\raw\happy\03-01-03-01-02-01-23.wav,happy,normal,23,male,02,01,3.2365625
..\data\raw\happy\03-01-03-01-02-01-24.wav,happy,normal,24,female,02,01,3.5035
..\data\raw\happy\03-01-03-01-02-02-01.wav,happy,normal,1,male,02,02,3.703708333333333
..\data\raw\happy\03-01-03-01-02-02-02.wav,happy,normal,2,female,02,02,3.7370833333333335
..\data\raw\happy\03-01-03-01-02-02-03.wav,happy,normal,3,male,02,02,3.5035
..\data\raw\happy\03-01-03-01-02-02-04.wav,happy,normal,4,female,02,02,3.4367708333333336
..\data\raw\happy\03-01-03-01-02-02-05.wav,happy,normal,5,male,02,02,3.7704375
..\data\raw\happy\03-01-03-01-02-02-06.wav,happy,normal,6,female,02,02,3.4367708333333336
..\data\raw\happy\03-01-03-01-02-02-07.wav,happy,normal,7,male,02,02,3.403395833333333
..\data\raw\happy\03-01-03-01-02-02-08.wav,happy,normal,8,female,02,02,3.4367708333333336
..\data\raw\happy\03-01-03-01-02-02-09.wav,happy,normal,9,male,02,02,3.4701458333333335
..\data\raw\happy\03-01-03-01-02-02-10.wav,happy,normal,10,female,02,02,3.3366666666666664
..\data\raw\happy\03-01-03-01-02-02-11.wav,happy,normal,11,male,02,02,3.2365833333333334
..\data\raw\happy\03-01-03-01-02-02-12.wav,happy,normal,12,female,02,02,3.7370833333333335
..\data\raw\happy\03-01-03-01-02-02-13.wav,happy,normal,13,male,02,02,3.2032083333333334
..\data\raw\happy\03-01-03-01-02-02-14.wav,happy,normal,14,female,02,02,3.470125
..\data\raw\happy\03-01-03-01-02-02-15.wav,happy,normal,15,male,02,02,3.4367708333333336
..\data\raw\happy\03-01-03-01-02-02-16.wav,happy,normal,16,female,02,02,3.6703333333333332
..\data\raw\happy\03-01-03-01-02-02-17.wav,happy,normal,17,male,02,02,3.5368541666666666
..\data\raw\happy\03-01-03-01-02-02-18.wav,happy,normal,18,female,02,02,3.5035
..\data\raw\happy\03-01-03-01-02-02-19.wav,happy,normal,19,male,02,02,3.3033125
..\data\raw\happy\03-01-03-01-02-02-20.wav,happy,normal,20,female,02,02,3.403395833333333
..\data\raw\happy\03-01-03-01-02-02-21.wav,happy,normal,21,male,02,02,3.8371666666666666
..\data\raw\happy\03-01-03-01-02-02-22.wav,happy,normal,22,female,02,02,3.5035
..\data\raw\happy\03-01-03-01-02-02-23.wav,happy,normal,23,male,02,02,3.2699375
..\data\raw\happy\03-01-03-01-02-02-24.wav,happy,normal,24,female,02,02,3.7370625
..\data\raw\happy\03-01-03-02-01-01-01.wav,happy,strong,1,male,01,01,3.6703333333333332
..\data\raw\happy\03-01-03-02-01-01-02.wav,happy,strong,2,female,01,01,3.703708333333333
..\data\raw\happy\03-01-03-02-01-01-03.wav,happy,strong,3,male,01,01,4.3043125
..\data\raw\happy\03-01-03-02-01-01-04.wav,happy,strong,4,female,01,01,3.8705416666666665
..\data\raw\happy\03-01-03-02-01-01-05.wav,happy,strong,5,male,01,01,4.137479166666667
..\data\raw\happy\03-01-03-02-01-01-06.wav,happy,strong,6,female,01,01,3.5035
..\data\raw\happy\03-01-03-02-01-01-07.wav,happy,strong,7,male,01,01,4.104104166666667
..\data\raw\happy\03-01-03-02-01-01-08.wav,happy,strong,8,female,01,01,3.7704166666666667
..\data\raw\happy\03-01-03-02-01-01-09.wav,happy,strong,9,male,01,01,3.7704375
..\data\raw\happy\03-01-03-02-01-01-10.wav,happy,strong,10,female,01,01,3.8371666666666666
..\data\raw\happy\03-01-03-02-01-01-11.wav,happy,strong,11,male,01,01,4.037375
..\data\raw\happy\03-01-03-02-01-01-12.wav,happy,strong,12,female,01,01,4.204208333333334
..\data\raw\happy\03-01-03-02-01-01-13.wav,happy,strong,13,male,01,01,3.4367708333333336
..\data\raw\happy\03-01-03-02-01-01-14.wav,happy,strong,14,female,01,01,3.7704166666666667
..\data\raw\happy\03-01-03-02-01-01-15.wav,happy,strong,15,male,01,01,3.5702291666666666
..\data\raw\happy\03-01-03-02-01-01-16.wav,happy,strong,16,female,01,01,3.7704375
..\data\raw\happy\03-01-03-02-01-01-17.wav,happy,strong,17,male,01,01,3.7370625
..\data\raw\happy\03-01-03-02-01-01-18.wav,happy,strong,18,female,01,01,3.7704375
..\data\raw\happy\03-01-03-02-01-01-19.wav,happy,strong,19,male,01,01,3.7704375
..\data\raw\happy\03-01-03-02-01-01-20.wav,happy,strong,20,female,01,01,3.6703333333333332
..\data\raw\happy\03-01-03-02-01-01-21.wav,happy,strong,21,male,01,01,3.8037916666666667
..\data\raw\happy\03-01-03-02-01-01-22.wav,happy,strong,22,female,01,01,3.7370833333333335
..\data\raw\happy\03-01-03-02-01-01-23.wav,happy,strong,23,male,01,01,3.2365833333333334
..\data\raw\happy\03-01-03-02-01-01-24.wav,happy,strong,24,female,01,01,4.004
..\data\raw\happy\03-01-03-02-01-02-01.wav,happy,strong,1,male,01,02,3.6369583333333333
..\data\raw\happy\03-01-03-02-01-02-02.wav,happy,strong,2,female,01,02,3.6703333333333332
..\data\raw\happy\03-01-03-02-01-02-03.wav,happy,strong,3,male,01,02,4.404395833333333
..\data\raw\happy\03-01-03-02-01-02-04.wav,happy,strong,4,female,01,02,3.5702291666666666
..\data\raw\happy\03-01-03-02-01-02-05.wav,happy,strong,5,male,01,02,3.8705416666666665
..\data\raw\happy\03-01-03-02-01-02-06.wav,happy,strong,6,female,01,02,3.470125
..\data\raw\happy\03-01-03-02-01-02-07.wav,happy,strong,7,male,01,02,4.037354166666667
..\data\raw\happy\03-01-03-02-01-02-08.wav,happy,strong,8,female,01,02,3.9038958333333333
..\data\raw\happy\03-01-03-02-01-02-09.wav,happy,strong,9,male,01,02,4.170833333333333
..\data\raw\happy\03-01-03-02-01-02-10.wav,happy,strong,10,female,01,02,3.5035
..\data\raw\happy\03-01-03-02-01-02-11.wav,happy,strong,11,male,01,02,3.636979166666667
..\data\raw\happy\03-01-03-02-01-02-12.wav,happy,strong,12,female,01,02,4.137458333333333
..\data\raw\happy\03-01-03-02-01-02-13.wav,happy,strong,13,male,01,02,3.6036041666666665
..\data\raw\happy\03-01-03-02-01-02-14.wav,happy,strong,14,female,01,02,3.7370625
..\data\raw\happy\03-01-03-02-01-02-15.wav,happy,strong,15,male,01,02,3.470125
..\data\raw\happy\03-01-03-02-01-02-16.wav,happy,strong,16,female,01,02,3.5702291666666666
..\data\raw\happy\03-01-03-02-01-02-17.wav,happy,strong,17,male,01,02,4.104104166666667
..\data\raw\happy\03-01-03-02-01-02-18.wav,happy,strong,18,female,01,02,3.93725
..\data\raw\happy\03-01-03-02-01-02-19.wav,happy,strong,19,male,01,02,3.8037916666666667
..\data\raw\happy\03-01-03-02-01-02-20.wav,happy,strong,20,female,01,02,4.304291666666667
..\data\raw\happy\03-01-03-02-01-02-21.wav,happy,strong,21,male,01,02,3.9372708333333333
..\data\raw\happy\03-01-03-02-01-02-22.wav,happy,strong,22,female,01,02,3.8371666666666666
..\data\raw\happy\03-01-03-02-01-02-23.wav,happy,strong,23,male,01,02,3.2031875
..\data\raw\happy\03-01-03-02-01-02-24.wav,happy,strong,24,female,01,02,3.7704375
..\data\raw\happy\03-01-03-02-02-01-01.wav,happy,strong,1,male,02,01,3.93725
..\data\raw\happy\03-01-03-02-02-01-02.wav,happy,strong,2,female,02,01,3.703708333333333
..\data\raw\happy\03-01-03-02-02-01-03.wav,happy,strong,3,male,02,01,4.137458333333333
..\data\raw\happy\03-01-03-02-02-01-04.wav,happy,strong,4,female,02,01,3.6036041666666665
..\data\raw\happy\03-01-03-02-02-01-05.wav,happy,strong,5,male,02,01,3.6035833333333334
..\data\raw\happy\03-01-03-02-02-01-06.wav,happy,strong,6,female,02,01,3.5702291666666666
..\data\raw\happy\03-01-03-02-02-01-07.wav,happy,strong,7,male,02,01,4.037375
..\data\raw\happy\03-01-03-02-02-01-08.wav,happy,strong,8,female,02,01,3.8371666666666666
..\data\raw\happy\03-01-03-02-02-01-09.wav,happy,strong,9,male,02,01,3.57025
..\data\raw\happy\03-01-03-02-02-01-10.wav,happy,strong,10,female,02,01,3.7370625
..\data\raw\happy\03-01-03-02-02-01-11.wav,happy,strong,11,male,02,01,3.8705208333333334
..\data\raw\happy\03-01-03-02-02-01-12.wav,happy,strong,12,female,02,01,3.9039166666666665
..\data\raw\happy\03-01-03-02-02-01-13.wav,happy,strong,13,male,02,01,3.3700208333333332
..\data\raw\happy\03-01-03-02-02-01-14.wav,happy,strong,14,female,02,01,3.8371666666666666
..\data\raw\happy\03-01-03-02-02-01-15.wav,happy,strong,15,male,02,01,3.8037916666666667
..\data\raw\happy\03-01-03-02-02-01-16.wav,happy,strong,16,female,02,01,3.7704166666666667
..\data\raw\happy\03-01-03-02-02-01-17.wav,happy,strong,17,male,02,01,3.7370625
..\data\raw\happy\03-01-03-02-02-01-18.wav,happy,strong,18,female,02,01,3.7704375
..\data\raw\happy\03-01-03-02-02-01-19.wav,happy,strong,19,male,02,01,4.404395833333333
..\data\raw\happy\03-01-03-02-02-01-20.wav,happy,strong,20,female,02,01,3.57025
..\data\raw\happy\03-01-03-02-02-01-21.wav,happy,strong,21,male,02,01,3.6703333333333332
..\data\raw\happy\03-01-03-02-02-01-22.wav,happy,strong,22,female,02,01,3.6703333333333332
..\data\raw\happy\03-01-03-02-02-01-23.wav,happy,strong,23,male,02,01,3.2365625
..\data\raw\happy\03-01-03-02-02-01-24.wav,happy,strong,24,female,02,01,3.8705416666666665
..\data\raw\happy\03-01-03-02-02-02-01.wav,happy,strong,1,male,02,02,3.9372708333333333
..\data\raw\happy\03-01-03-02-02-02-02.wav,happy,strong,2,female,02,02,3.8705208333333334
..\data\raw\happy\03-01-03-02-02-02-03.wav,happy,strong,3,male,02,02,3.8371666666666666
..\data\raw\happy\03-01-03-02-02-02-04.wav,happy,strong,4,female,02,02,3.7704166666666667
..\data\raw\happy\03-01-03-02-02-02-05.wav,happy,strong,5,male,02,02,3.403395833333333
..\data\raw\happy\03-01-03-02-02-02-06.wav,happy,strong,6,female,02,02,3.6035833333333334
..\data\raw\happy\03-01-03-02-02-02-07.wav,happy,strong,7,male,02,02,3.8371666666666666
..\data\raw\happy\03-01-03-02-02-02-08.wav,happy,strong,8,female,02,02,3.9372708333333333
..\data\raw\happy\03-01-03-02-02-02-09.wav,happy,strong,9,male,02,02,3.5702291666666666
..\data\raw\happy\03-01-03-02-02-02-10.wav,happy,strong,10,female,02,02,3.970645833333333
..\data\raw\happy\03-01-03-02-02-02-11.wav,happy,strong,11,male,02,02,3.5035
..\data\raw\happy\03-01-03-02-02-02-12.wav,happy,strong,12,female,02,02,3.970625
..\data\raw\happy\03-01-03-02-02-02-13.wav,happy,strong,13,male,02,02,3.3366666666666664
..\data\raw\happy\03-01-03-02-02-02-14.wav,happy,strong,14,female,02,02,3.7370625
..\data\raw\happy\03-01-03-02-02-02-15.wav,happy,strong,15,male,02,02,3.370041666666667
..\data\raw\happy\03-01-03-02-02-02-16.wav,happy,strong,16,female,02,02,3.8038125
..\data\raw\happy\03-01-03-02-02-02-17.wav,happy,strong,17,male,02,02,3.8037916666666667
..\data\raw\happy\03-01-03-02-02-02-18.wav,happy,strong,18,female,02,02,3.8371666666666666
..\data\raw\happy\03-01-03-02-02-02-19.wav,happy,strong,19,male,02,02,4.004
..\data\raw\happy\03-01-03-02-02-02-20.wav,happy,strong,20,female,02,02,3.703708333333333
..\data\raw\happy\03-01-03-02-02-02-21.wav,happy,strong,21,male,02,02,3.8037916666666667
..\data\raw\happy\03-01-03-02-02-02-22.wav,happy,strong,22,female,02,02,3.9372708333333333
..\data\raw\happy\03-01-03-02-02-02-23.wav,happy,strong,23,male,02,02,3.2365625
..\data\raw\happy\03-01-03-02-02-02-24.wav,happy,strong,24,female,02,02,3.8705416666666665
..\data\raw\neutral\03-01-01-01-01-01-01.wav,neutral,normal,1,male,01,01,3.3032916666666665
..\data\raw\neutral\03-01-01-01-01-01-02.wav,neutral,normal,2,female,01,01,3.6369583333333333
..\data\raw\neutral\03-01-01-01-01-01-03.wav,neutral,normal,3,male,01,01,3.4367708333333336
..\data\raw\neutral\03-01-01-01-01-01-04.wav,neutral,normal,4,female,01,01,3.3032916666666665
..\data\raw\neutral\03-01-01-01-01-01-05.wav,neutral,normal,5,male,01,01,3.6036041666666665
..\data\raw\neutral\03-01-01-01-01-01-06.wav,neutral,normal,6,female,01,01,3.3366666666666664
..\data\raw\neutral\03-01-01-01-01-01-07.wav,neutral,normal,7,male,01,01,3.9039166666666665
..\data\raw\neutral\03-01-01-01-01-01-08.wav,neutral,normal,8,female,01,01,3.5035
..\data\raw\neutral\03-01-01-01-01-01-09.wav,neutral,normal,9,male,01,01,3.2699375
..\data\raw\neutral\03-01-01-01-01-01-10.wav,neutral,normal,10,female,01,01,3.536875
..\data\raw\neutral\03-01-01-01-01-01-11.wav,neutral,normal,11,male,01,01,3.1364791666666667
..\data\raw\neutral\03-01-01-01-01-01-12.wav,neutral,normal,12,female,01,01,3.6369583333333333
..\data\raw\neutral\03-01-01-01-01-01-13.wav,neutral,normal,13,male,01,01,3.1698333333333335
..\data\raw\neutral\03-01-01-01-01-01-14.wav,neutral,normal,14,female,01,01,3.470125
..\data\raw\neutral\03-01-01-01-01-01-15.wav,neutral,normal,15,male,01,01,3.370041666666667
..\data\raw\neutral\03-01-01-01-01-01-16.wav,neutral,normal,16,female,01,01,3.7370625
..\data\raw\neutral\03-01-01-01-01-01-17.wav,neutral,normal,17,male,01,01,3.8371666666666666
..\data\raw\neutral\03-01-01-01-01-01-18.wav,neutral,normal,18,female,01,01,3.4701458333333335
..\data\raw\neutral\03-01-01-01-01-01-19.wav,neutral,normal,19,male,01,01,3.370041666666667
..\data\raw\neutral\03-01-01-01-01-01-20.wav,neutral,normal,20,female,01,01,3.470125
..\data\raw\neutral\03-01-01-01-01-01-21.wav,neutral,normal,21,male,01,01,3.8371666666666666
..\data\raw\neutral\03-01-01-01-01-01-22.wav,neutral,normal,22,female,01,01,3.636979166666667
..\data\raw\neutral\03-01-01-01-01-01-23.wav,neutral,normal,23,male,01,01,3.8037916666666667
..\data\raw\neutral\03-01-01-01-01-01-24.wav,neutral,normal,24,female,01,01,3.703708333333333
..\data\raw\neutral\03-01-01-01-01-02-01.wav,neutral,normal,1,male,01,02,3.3366666666666664
..\data\raw\neutral\03-01-01-01-01-02-02.wav,neutral,normal,2,female,01,02,3.6036041666666665
..\data\raw\neutral\03-01-01-01-01-02-03.wav,neutral,normal,3,male,01,02,3.5035
..\data\raw\neutral\03-01-01-01-01-02-04.wav,neutral,normal,4,female,01,02,3.370041666666667
..\data\raw\neutral\03-01-01-01-01-02-05.wav,neutral,normal,5,male,01,02,3.636979166666667
..\data\raw\neutral\03-01-01-01-01-02-06.wav,neutral,normal,6,female,01,02,3.6036041666666665
..\data\raw\neutral\03-01-01-01-01-02-07.wav,neutral,normal,7,male,01,02,3.8038125
..\data\raw\neutral\03-01-01-01-01-02-08.wav,neutral,normal,8,female,01,02,3.636979166666667
..\data\raw\neutral\03-01-01-01-01-02-09.wav,neutral,normal,9,male,01,02,3.2032083333333334
..\data\raw\neutral\03-01-01-01-01-02-10.wav,neutral,normal,10,female,01,02,3.8371666666666666
..\data\raw\neutral\03-01-01-01-01-02-11.wav,neutral,normal,11,male,01,02,3.1031041666666668
..\data\raw\neutral\03-01-01-01-01-02-12.wav,neutral,normal,12,female,01,02,3.536875
..\data\raw\neutral\03-01-01-01-01-02-13.wav,neutral,normal,13,male,01,02,3.2031875
..\data\raw\neutral\03-01-01-01-01-02-14.wav,neutral,normal,14,female,01,02,3.3366666666666664
..\data\raw\neutral\03-01-01-01-01-02-15.wav,neutral,normal,15,male,01,02,3.4367708333333336
..\data\raw\neutral\03-01-01-01-01-02-16.wav,neutral,normal,16,female,01,02,3.7370833333333335
..\data\raw\neutral\03-01-01-01-01-02-17.wav,neutral,normal,17,male,01,02,3.5035
..\data\raw\neutral\03-01-01-01-01-02-18.wav,neutral,normal,18,female,01,02,3.536875
..\data\raw\neutral\03-01-01-01-01-02-19.wav,neutral,normal,19,male,01,02,3.2365625
..\data\raw\neutral\03-01-01-01-01-02-20.wav,neutral,normal,20,female,01,02,3.5702291666666666
..\data\raw\neutral\03-01-01-01-01-02-21.wav,neutral,normal,21,male,01,02,3.970625
..\data\raw\neutral\03-01-01-01-01-02-22.wav,neutral,normal,22,female,01,02,3.4367708333333336
..\data\raw\neutral\03-01-01-01-01-02-23.wav,neutral,normal,23,male,01,02,3.7370625
..\data\raw\neutral\03-01-01-01-01-02-24.wav,neutral,normal,24,female,01,02,3.6369583333333333
..\data\raw\neutral\03-01-01-01-02-01-01.wav,neutral,normal,1,male,02,01,3.2699166666666666
..\data\raw\neutral\03-01-01-01-02-01-02.wav,neutral,normal,2,female,02,01,3.7704166666666667
..\data\raw\neutral\03-01-01-01-02-01-03.wav,neutral,normal,3,male,02,01,3.5035
..\data\raw\neutral\03-01-01-01-02-01-04.wav,neutral,normal,4,female,02,01,3.2699375
..\data\raw\neutral\03-01-01-01-02-01-05.wav,neutral,normal,5,male,02,01,3.103083333333333
..\data\raw\neutral\03-01-01-01-02-01-06.wav,neutral,normal,6,female,02,01,3.403395833333333
..\data\raw\neutral\03-01-01-01-02-01-07.wav,neutral,normal,7,male,02,01,4.137458333333333
..\data\raw\neutral\03-01-01-01-02-01-08.wav,neutral,normal,8,female,02,01,3.5368541666666666
..\data\raw\neutral\03-01-01-01-02-01-09.wav,neutral,normal,9,male,02,01,3.3366666666666664
..\data\raw\neutral\03-01-01-01-02-01-10.wav,neutral,normal,10,female,02,01,3.7370625
..\data\raw\neutral\03-01-01-01-02-01-11.wav,neutral,normal,11,male,02,01,3.2032083333333334
..\data\raw\neutral\03-01-01-01-02-01-12.wav,neutral,normal,12,female,02,01,3.6036041666666665
..\data\raw\neutral\03-01-01-01-02-01-13.wav,neutral,normal,13,male,02,01,3.069729166666667
..\data\raw\neutral\03-01-01-01-02-01-14.wav,neutral,normal,14,female,02,01,3.4701458333333335
..\data\raw\neutral\03-01-01-01-02-01-15.wav,neutral,normal,15,male,02,01,3.43675
..\data\raw\neutral\03-01-01-01-02-01-16.wav,neutral,normal,16,female,02,01,3.6036041666666665
..\data\raw\neutral\03-01-01-01-02-01-17.wav,neutral,normal,17,male,02,01,3.5035
..\data\raw\neutral\03-01-01-01-02-01-18.wav,neutral,normal,18,female,02,01,3.470125
..\data\raw\neutral\03-01-01-01-02-01-19.wav,neutral,normal,19,male,02,01,3.3366666666666664
..\data\raw\neutral\03-01-01-01-02-01-20.wav,neutral,normal,20,female,02,01,3.4367708333333336
..\data\raw\neutral\03-01-01-01-02-01-21.wav,neutral,normal,21,male,02,01,3.6036041666666665
..\data\raw\neutral\03-01-01-01-02-01-22.wav,neutral,normal,22,female,02,01,3.6035833333333334
..\data\raw\neutral\03-01-01-01-02-01-23.wav,neutral,normal,23,male,02,01,3.6703333333333332
..\data\raw\neutral\03-01-01-01-02-01-24.wav,neutral,normal,24,female,02,01,3.636979166666667
..\data\raw\neutral\03-01-01-01-02-02-01.wav,neutral,normal,1,male,02,02,3.1698333333333335
..\data\raw\neutral\03-01-01-01-02-02-02.wav,neutral,normal,2,female,02,02,3.6035833333333334
..\data\raw\neutral\03-01-01-01-02-02-03.wav,neutral,normal,3,male,02,02,3.4701458333333335
..\data\raw\neutral\03-01-01-01-02-02-04.wav,neutral,normal,4,female,02,02,3.2365625
..\data\raw\neutral\03-01-01-01-02-02-05.wav,neutral,normal,5,male,02,02,3.6036041666666665
..\data\raw\neutral\03-01-01-01-02-02-06.wav,neutral,normal,6,female,02,02,3.4367708333333336
..\data\raw\neutral\03-01-01-01-02-02-07.wav,neutral,normal,7,male,02,02,3.7370625
..\data\raw\neutral\03-01-01-01-02-02-08.wav,neutral,normal,8,female,02,02,3.5035
..\data\raw\neutral\03-01-01-01-02-02-09.wav,neutral,normal,9,male,02,02,3.2365833333333334
..\data\raw\neutral\03-01-01-01-02-02-10.wav,neutral,normal,10,female,02,02,3.6703333333333332
..\data\raw\neutral\03-01-01-01-02-02-11.wav,neutral,normal,11,male,02,02,3.1698333333333335
..\data\raw\neutral\03-01-01-01-02-02-12.wav,neutral,normal,12,female,02,02,3.636979166666667
..\data\raw\neutral\03-01-01-01-02-02-13.wav,neutral,normal,13,male,02,02,3.136458333333333
..\data\raw\neutral\03-01-01-01-02-02-14.wav,neutral,normal,14,female,02,02,3.5702291666666666
..\data\raw\neutral\03-01-01-01-02-02-15.wav,neutral,normal,15,male,02,02,3.403395833333333
..\data\raw\neutral\03-01-01-01-02-02-16.wav,neutral,normal,16,female,02,02,3.5702291666666666
..\data\raw\neutral\03-01-01-01-02-02-17.wav,neutral,normal,17,male,02,02,3.470125
..\data\raw\neutral\03-01-01-01-02-02-18.wav,neutral,normal,18,female,02,02,3.4701458333333335
..\data\raw\neutral\03-01-01-01-02-02-19.wav,neutral,normal,19,male,02,02,3.3032916666666665
..\data\raw\neutral\03-01-01-01-02-02-20.wav,neutral,normal,20,female,02,02,3.536875
..\data\raw\neutral\03-01-01-01-02-02-21.wav,neutral,normal,21,male,02,02,3.6703333333333332
..\data\raw\neutral\03-01-01-01-02-02-22.wav,neutral,normal,22,female,02,02,3.5368541666666666
..\data\raw\neutral\03-01-01-01-02-02-23.wav,neutral,normal,23,male,02,02,3.8371666666666666
..\data\raw\neutral\03-01-01-01-02-02-24.wav,neutral,normal,24,female,02,02,3.6036041666666665
..\data\raw\sad\03-01-04-01-01-01-01.wav,sad,normal,1,male,01,01,3.8371666666666666
..\data\raw\sad\03-01-04-01-01-01-02.wav,sad,normal,2,female,01,01,3.8371666666666666
..\data\raw\sad\03-01-04-01-01-01-03.wav,sad,normal,3,male,01,01,3.6036041666666665
..\data\raw\sad\03-01-04-01-01-01-04.wav,sad,normal,4,female,01,01,3.370041666666667
..\data\raw\sad\03-01-04-01-01-01-05.wav,sad,normal,5,male,01,01,3.2699375
..\data\raw\sad\03-01-04-01-01-01-06.wav,sad,normal,6,female,01,01,3.5702291666666666
..\data\raw\sad\03-01-04-01-01-01-07.wav,sad,normal,7,male,01,01,3.536875
..\data\raw\sad\03-01-04-01-01-01-08.wav,sad,normal,8,female,01,01,4.204208333333334
..\data\raw\sad\03-01-04-01-01-01-09.wav,sad,normal,9,male,01,01,3.2699375
..\data\raw\sad\03-01-04-01-01-01-10.wav,sad,normal,10,female,01,01,3.3032916666666665
..\data\raw\sad\03-01-04-01-01-01-11.wav,sad,normal,11,male,01,01,3.3366666666666664
..\data\raw\sad\03-01-04-01-01-01-12.wav,sad,normal,12,female,01,01,3.6703333333333332
..\data\raw\sad\03-01-04-01-01-01-13.wav,sad,normal,13,male,01,01,3.5702291666666666
..\data\raw\sad\03-01-04-01-01-01-14.wav,sad,normal,14,female,01,01,3.7370625
..\data\raw\sad\03-01-04-01-01-01-15.wav,sad,normal,15,male,01,01,3.5035
..\data\raw\sad\03-01-04-01-01-01-16.wav,sad,normal,16,female,01,01,3.5702291666666666
..\data\raw\sad\03-01-04-01-01-01-17.wav,sad,normal,17,male,01,01,3.6703333333333332
..\data\raw\sad\03-01-04-01-01-01-18.wav,sad,normal,18,female,01,01,3.5702291666666666
..\data\raw\sad\03-01-04-01-01-01-19.wav,sad,normal,19,male,01,01,3.4367708333333336
..\data\raw\sad\03-01-04-01-01-01-20.wav,sad,normal,20,female,01,01,3.6035833333333334
..\data\raw\sad\03-01-04-01-01-01-21.wav,sad,normal,21,male,01,01,4.304291666666667
..\data\raw\sad\03-01-04-01-01-01-22.wav,sad,normal,22,female,01,01,3.6036041666666665
..\data\raw\sad\03-01-04-01-01-01-23.wav,sad,normal,23,male,01,01,3.6036041666666665
..\data\raw\sad\03-01-04-01-01-01-24.wav,sad,normal,24,female,01,01,4.104104166666667
..\data\raw\sad\03-01-04-01-01-02-01.wav,sad,normal,1,male,01,02,3.5702291666666666
..\data\raw\sad\03-01-04-01-01-02-02.wav,sad,normal,2,female,01,02,3.7704375
..\data\raw\sad\03-01-04-01-01-02-03.wav,sad,normal,3,male,01,02,3.5702291666666666
..\data\raw\sad\03-01-04-01-01-02-04.wav,sad,normal,4,female,01,02,3.403395833333333
..\data\raw\sad\03-01-04-01-01-02-05.wav,sad,normal,5,male,01,02,3.6369583333333333
..\data\raw\sad\03-01-04-01-01-02-06.wav,sad,normal,6,female,01,02,3.6036041666666665
..\data\raw\sad\03-01-04-01-01-02-07.wav,sad,normal,7,male,01,02,3.6035833333333334
..\data\raw\sad\03-01-04-01-01-02-08.wav,sad,normal,8,female,01,02,3.8705208333333334
..\data\raw\sad\03-01-04-01-01-02-09.wav,sad,normal,9,male,01,02,3.43675
..\data\raw\sad\03-01-04-01-01-02-10.wav,sad,normal,10,female,01,02,3.470125
..\data\raw\sad\03-01-04-01-01-02-11.wav,sad,normal,11,male,01,02,3.6036041666666665
..\data\raw\sad\03-01-04-01-01-02-12.wav,sad,normal,12,female,01,02,3.6035833333333334
..\data\raw\sad\03-01-04-01-01-02-13.wav,sad,normal,13,male,01,02,3.5368541666666666
..\data\raw\sad\03-01-04-01-01-02-14.wav,sad,normal,14,female,01,02,3.6036041666666665
..\data\raw\sad\03-01-04-01-01-02-15.wav,sad,normal,15,male,01,02,3.3032916666666665
..\data\raw\sad\03-01-04-01-01-02-16.wav,sad,normal,16,female,01,02,3.6369583333333333
..\data\raw\sad\03-01-04-01-01-02-17.wav,sad,normal,17,male,01,02,3.5035
..\data\raw\sad\03-01-04-01-01-02-18.wav,sad,normal,18,female,01,02,3.6369583333333333
..\data\raw\sad\03-01-04-01-01-02-19.wav,sad,normal,19,male,01,02,3.6703333333333332
..\data\raw\sad\03-01-04-01-01-02-20.wav,sad,normal,20,female,01,02,3.5035
..\data\raw\sad\03-01-04-01-01-02-21.wav,sad,normal,21,male,01,02,4.604604166666666
..\data\raw\sad\03-01-04-01-01-02-22.wav,sad,normal,22,female,01,02,3.703708333333333
..\data\raw\sad\03-01-04-01-01-02-23.wav,sad,normal,23,male,01,02,3.8705416666666665
..\data\raw\sad\03-01-04-01-01-02-24.wav,sad,normal,24,female,01,02,3.970625
..\data\raw\sad\03-01-04-01-02-01-01.wav,sad,normal,1,male,02,01,3.5035
..\data\raw\sad\03-01-04-01-02-01-02.wav,sad,normal,2,female,02,01,3.7370625
..\data\raw\sad\03-01-04-01-02-01-03.wav,sad,normal,3,male,02,01,3.5702291666666666
..\data\raw\sad\03-01-04-01-02-01-04.wav,sad,normal,4,female,02,01,3.4367708333333336
..\data\raw\sad\03-01-04-01-02-01-05.wav,sad,normal,5,male,02,01,3.1031041666666668
..\data\raw\sad\03-01-04-01-02-01-06.wav,sad,normal,6,female,02,01,3.4701458333333335
..\data\raw\sad\03-01-04-01-02-01-07.wav,sad,normal,7,male,02,01,3.536875
..\data\raw\sad\03-01-04-01-02-01-08.wav,sad,normal,8,female,02,01,3.57025
..\data\raw\sad\03-01-04-01-02-01-09.wav,sad,normal,9,male,02,01,3.403395833333333
..\data\raw\sad\03-01-04-01-02-01-10.wav,sad,normal,10,female,02,01,3.536875
..\data\raw\sad\03-01-04-01-02-01-11.wav,sad,normal,11,male,02,01,3.5368541666666666
..\data\raw\sad\03-01-04-01-02-01-12.wav,sad,normal,12,female,02,01,3.6703333333333332
..\data\raw\sad\03-01-04-01-02-01-13.wav,sad,normal,13,male,02,01,3.4367708333333336
..\data\raw\sad\03-01-04-01-02-01-14.wav,sad,normal,14,female,02,01,3.6036041666666665
..\data\raw\sad\03-01-04-01-02-01-15.wav,sad,normal,15,male,02,01,3.3033125
..\data\raw\sad\03-01-04-01-02-01-16.wav,sad,normal,16,female,02,01,3.4034166666666668
..\data\raw\sad\03-01-04-01-02-01-17.wav,sad,normal,17,male,02,01,3.5702291666666666
..\data\raw\sad\03-01-04-01-02-01-18.wav,sad,normal,18,female,02,01,3.536875
..\data\raw\sad\03-01-04-01-02-01-19.wav,sad,normal,19,male,02,01,3.1698333333333335
..\data\raw\sad\03-01-04-01-02-01-20.wav,sad,normal,20,female,02,01,3.470125
..\data\raw\sad\03-01-04-01-02-01-21.wav,sad,normal,21,male,02,01,4.07075
..\data\raw\sad\03-01-04-01-02-01-22.wav,sad,normal,22,female,02,01,3.6703333333333332
..\data\raw\sad\03-01-04-01-02-01-23.wav,sad,normal,23,male,02,01,3.5702291666666666
..\data\raw\sad\03-01-04-01-02-01-24.wav,sad,normal,24,female,02,01,3.536875
..\data\raw\sad\03-01-04-01-02-02-01.wav,sad,normal,1,male,02,02,3.370041666666667
..\data\raw\sad\03-01-04-01-02-02-02.wav,sad,normal,2,female,02,02,3.7704375
..\data\raw\sad\03-01-04-01-02-02-03.wav,sad,normal,3,male,02,02,3.536875
..\data\raw\sad\03-01-04-01-02-02-04.wav,sad,normal,4,female,02,02,3.470125
..\data\raw\sad\03-01-04-01-02-02-05.wav,sad,normal,5,male,02,02,3.7036875
..\data\raw\sad\03-01-04-01-02-02-06.wav,sad,normal,6,female,02,02,3.4367708333333336
..\data\raw\sad\03-01-04-01-02-02-07.wav,sad,normal,7,male,02,02,3.8705208333333334
..\data\raw\sad\03-01-04-01-02-02-08.wav,sad,normal,8,female,02,02,3.6036041666666665
..\data\raw\sad\03-01-04-01-02-02-09.wav,sad,normal,9,male,02,02,3.4034166666666668
..\data\raw\sad\03-01-04-01-02-02-10.wav,sad,normal,10,female,02,02,3.8037916666666667
..\data\raw\sad\03-01-04-01-02-02-11.wav,sad,normal,11,male,02,02,3.4367708333333336
..\data\raw\sad\03-01-04-01-02-02-12.wav,sad,normal,12,female,02,02,3.5702291666666666
..\data\raw\sad\03-01-04-01-02-02-13.wav,sad,normal,13,male,02,02,3.370041666666667
..\data\raw\sad\03-01-04-01-02-02-14.wav,sad,normal,14,female,02,02,3.536875
..\data\raw\sad\03-01-04-01-02-02-15.wav,sad,normal,15,male,02,02,3.3700208333333332
..\data\raw\sad\03-01-04-01-02-02-16.wav,sad,normal,16,female,02,02,3.5035
..\data\raw\sad\03-01-04-01-02-02-17.wav,sad,normal,17,male,02,02,3.6036041666666665
..\data\raw\sad\03-01-04-01-02-02-18.wav,sad,normal,18,female,02,02,3.6369583333333333
..\data\raw\sad\03-01-04-01-02-02-19.wav,sad,normal,19,male,02,02,3.6703333333333332
..\data\raw\sad\03-01-04-01-02-02-20.wav,sad,normal,20,female,02,02,3.370041666666667
..\data\raw\sad\03-01-04-01-02-02-21.wav,sad,normal,21,male,02,02,4.2041875
..\data\raw\sad\03-01-04-01-02-02-22.wav,sad,normal,22,female,02,02,3.703708333333333
..\data\raw\sad\03-01-04-01-02-02-23.wav,sad,normal,23,male,02,02,3.6703333333333332
..\data\raw\sad\03-01-04-01-02-02-24.wav,sad,normal,24,female,02,02,3.8371666666666666
..\data\raw\sad\03-01-04-02-01-01-01.wav,sad,strong,1,male,01,01,3.8037916666666667
..\data\raw\sad\03-01-04-02-01-01-02.wav,sad,strong,2,female,01,01,3.7370833333333335
..\data\raw\sad\03-01-04-02-01-01-03.wav,sad,strong,3,male,01,01,3.7704375
..\data\raw\sad\03-01-04-02-01-01-04.wav,sad,strong,4,female,01,01,3.6703333333333332
..\data\raw\sad\03-01-04-02-01-01-05.wav,sad,strong,5,male,01,01,3.5368541666666666
..\data\raw\sad\03-01-04-02-01-01-06.wav,sad,strong,6,female,01,01,4.2041875
..\data\raw\sad\03-01-04-02-01-01-07.wav,sad,strong,7,male,01,01,3.93725
..\data\raw\sad\03-01-04-02-01-01-08.wav,sad,strong,8,female,01,01,3.7704166666666667
..\data\raw\sad\03-01-04-02-01-01-09.wav,sad,strong,9,male,01,01,3.9372708333333333
..\data\raw\sad\03-01-04-02-01-01-10.wav,sad,strong,10,female,01,01,3.5035
..\data\raw\sad\03-01-04-02-01-01-11.wav,sad,strong,11,male,01,01,3.3366666666666664
..\data\raw\sad\03-01-04-02-01-01-12.wav,sad,strong,12,female,01,01,3.8705208333333334
..\data\raw\sad\03-01-04-02-01-01-13.wav,sad,strong,13,male,01,01,3.3366666666666664
..\data\raw\sad\03-01-04-02-01-01-14.wav,sad,strong,14,female,01,01,3.8705208333333334
..\data\raw\sad\03-01-04-02-01-01-15.wav,sad,strong,15,male,01,01,3.2699166666666666
..\data\raw\sad\03-01-04-02-01-01-16.wav,sad,strong,16,female,01,01,3.7370625
..\data\raw\sad\03-01-04-02-01-01-17.wav,sad,strong,17,male,01,01,3.6703333333333332
..\data\raw\sad\03-01-04-02-01-01-18.wav,sad,strong,18,female,01,01,3.8037916666666667
..\data\raw\sad\03-01-04-02-01-01-19.wav,sad,strong,19,male,01,01,4.004
..\data\raw\sad\03-01-04-02-01-01-20.wav,sad,strong,20,female,01,01,3.7704375
..\data\raw\sad\03-01-04-02-01-01-21.wav,sad,strong,21,male,01,01,4.170833333333333
..\data\raw\sad\03-01-04-02-01-01-22.wav,sad,strong,22,female,01,01,3.7370625
..\data\raw\sad\03-01-04-02-01-01-23.wav,sad,strong,23,male,01,01,4.2709375
..\data\raw\sad\03-01-04-02-01-01-24.wav,sad,strong,24,female,01,01,4.404395833333333
..\data\raw\sad\03-01-04-02-01-02-01.wav,sad,strong,1,male,01,02,3.703708333333333
..\data\raw\sad\03-01-04-02-01-02-02.wav,sad,strong,2,female,01,02,3.7704166666666667
..\data\raw\sad\03-01-04-02-01-02-03.wav,sad,strong,3,male,01,02,3.8371666666666666
..\data\raw\sad\03-01-04-02-01-02-04.wav,sad,strong,4,female,01,02,3.7704375
..\data\raw\sad\03-01-04-02-01-02-05.wav,sad,strong,5,male,01,02,3.2699375
..\data\raw\sad\03-01-04-02-01-02-06.wav,sad,strong,6,female,01,02,4.104104166666667
..\data\raw\sad\03-01-04-02-01-02-07.wav,sad,strong,7,male,01,02,3.8371666666666666
..\data\raw\sad\03-01-04-02-01-02-08.wav,sad,strong,8,female,01,02,3.9372708333333333
..\data\raw\sad\03-01-04-02-01-02-09.wav,sad,strong,9,male,01,02,3.9038958333333333
..\data\raw\sad\03-01-04-02-01-02-10.wav,sad,strong,10,female,01,02,3.5702291666666666
..\data\raw\sad\03-01-04-02-01-02-11.wav,sad,strong,11,male,01,02,3.6036041666666665
..\data\raw\sad\03-01-04-02-01-02-12.wav,sad,strong,12,female,01,02,3.7704375
..\data\raw\sad\03-01-04-02-01-02-13.wav,sad,strong,13,male,01,02,3.3032916666666665
..\data\raw\sad\03-01-04-02-01-02-14.wav,sad,strong,14,female,01,02,3.6703333333333332
..\data\raw\sad\03-01-04-02-01-02-15.wav,sad,strong,15,male,01,02,3.403395833333333
..\data\raw\sad\03-01-04-02-01-02-16.wav,sad,strong,16,female,01,02,3.8038125
..\data\raw\sad\03-01-04-02-01-02-17.wav,sad,strong,17,male,01,02,3.703708333333333
..\data\raw\sad\03-01-04-02-01-02-18.wav,sad,strong,18,female,01,02,3.8371666666666666
..\data\raw\sad\03-01-04-02-01-02-19.wav,sad,strong,19,male,01,02,3.703708333333333
..\data\raw\sad\03-01-04-02-01-02-20.wav,sad,strong,20,female,01,02,4.2375625
..\data\raw\sad\03-01-04-02-01-02-21.wav,sad,strong,21,male,01,02,4.2709166666666665
..\data\raw\sad\03-01-04-02-01-02-22.wav,sad,strong,22,female,01,02,3.636979166666667
..\data\raw\sad\03-01-04-02-01-02-23.wav,sad,strong,23,male,01,02,4.371020833333334
..\data\raw\sad\03-01-04-02-01-02-24.wav,sad,strong,24,female,01,02,4.57125
..\data\raw\sad\03-01-04-02-02-01-01.wav,sad,strong,1,male,02,01,3.7370833333333335
..\data\raw\sad\03-01-04-02-02-01-02.wav,sad,strong,2,female,02,01,3.7036875
..\data\raw\sad\03-01-04-02-02-01-03.wav,sad,strong,3,male,02,01,3.470125
..\data\raw\sad\03-01-04-02-02-01-04.wav,sad,strong,4,female,02,01,3.7704375
..\data\raw\sad\03-01-04-02-02-01-05.wav,sad,strong,5,male,02,01,3.2699166666666666
..\data\raw\sad\03-01-04-02-02-01-06.wav,sad,strong,6,female,02,01,4.604583333333333
..\data\raw\sad\03-01-04-02-02-01-07.wav,sad,strong,7,male,02,01,3.636979166666667
..\data\raw\sad\03-01-04-02-02-01-08.wav,sad,strong,8,female,02,01,3.6703333333333332
..\data\raw\sad\03-01-04-02-02-01-09.wav,sad,strong,9,male,02,01,3.636979166666667
..\data\raw\sad\03-01-04-02-02-01-10.wav,sad,strong,10,female,02,01,3.6703333333333332
..\data\raw\sad\03-01-04-02-02-01-11.wav,sad,strong,11,male,02,01,3.370041666666667
..\data\raw\sad\03-01-04-02-02-01-12.wav,sad,strong,12,female,02,01,3.8037916666666667
..\data\raw\sad\03-01-04-02-02-01-13.wav,sad,strong,13,male,02,01,3.4367708333333336
..\data\raw\sad\03-01-04-02-02-01-14.wav,sad,strong,14,female,02,01,3.6703333333333332
..\data\raw\sad\03-01-04-02-02-01-15.wav,sad,strong,15,male,02,01,3.536875
..\data\raw\sad\03-01-04-02-02-01-16.wav,sad,strong,16,female,02,01,3.8705416666666665
..\data\raw\sad\03-01-04-02-02-01-17.wav,sad,strong,17,male,02,01,3.6036041666666665
..\data\raw\sad\03-01-04-02-02-01-18.wav,sad,strong,18,female,02,01,4.137479166666667
..\data\raw\sad\03-01-04-02-02-01-19.wav,sad,strong,19,male,02,01,3.4034166666666668
..\data\raw\sad\03-01-04-02-02-01-20.wav,sad,strong,20,female,02,01,3.8038125
..\data\raw\sad\03-01-04-02-02-01-21.wav,sad,strong,21,male,02,01,4.2709375
..\data\raw\sad\03-01-04-02-02-01-22.wav,sad,strong,22,female,02,01,3.7370833333333335
..\data\raw\sad\03-01-04-02-02-01-23.wav,sad,strong,23,male,02,01,3.9372708333333333
..\data\raw\sad\03-01-04-02-02-01-24.wav,sad,strong,24,female,02,01,4.204208333333334
..\data\raw\sad\03-01-04-02-02-02-01.wav,sad,strong,1,male,02,02,3.7370625
..\data\raw\sad\03-01-04-02-02-02-02.wav,sad,strong,2,female,02,02,3.6703333333333332
..\data\raw\sad\03-01-04-02-02-02-03.wav,sad,strong,3,male,02,02,3.7036875
..\data\raw\sad\03-01-04-02-02-02-04.wav,sad,strong,4,female,02,02,3.7704375
..\data\raw\sad\03-01-04-02-02-02-05.wav,sad,strong,5,male,02,02,3.1364791666666667
..\data\raw\sad\03-01-04-02-02-02-06.wav,sad,strong,6,female,02,02,4.037354166666667
..\data\raw\sad\03-01-04-02-02-02-07.wav,sad,strong,7,male,02,02,3.8371666666666666
..\data\raw\sad\03-01-04-02-02-02-08.wav,sad,strong,8,female,02,02,3.703708333333333
..\data\raw\sad\03-01-04-02-02-02-09.wav,sad,strong,9,male,02,02,3.8705416666666665
..\data\raw\sad\03-01-04-02-02-02-10.wav,sad,strong,10,female,02,02,3.5702291666666666
..\data\raw\sad\03-01-04-02-02-02-11.wav,sad,strong,11,male,02,02,3.3366666666666664
..\data\raw\sad\03-01-04-02-02-02-12.wav,sad,strong,12,female,02,02,3.8705416666666665
..\data\raw\sad\03-01-04-02-02-02-13.wav,sad,strong,13,male,02,02,3.2031875
..\data\raw\sad\03-01-04-02-02-02-14.wav,sad,strong,14,female,02,02,3.9039166666666665
..\data\raw\sad\03-01-04-02-02-02-15.wav,sad,strong,15,male,02,02,3.4367708333333336
..\data\raw\sad\03-01-04-02-02-02-16.wav,sad,strong,16,female,02,02,3.7370625
..\data\raw\sad\03-01-04-02-02-02-17.wav,sad,strong,17,male,02,02,3.5702291666666666
..\data\raw\sad\03-01-04-02-02-02-18.wav,sad,strong,18,female,02,02,3.8371666666666666
..\data\raw\sad\03-01-04-02-02-02-19.wav,sad,strong,19,male,02,02,3.7370833333333335
..\data\raw\sad\03-01-04-02-02-02-20.wav,sad,strong,20,female,02,02,3.970625
..\data\raw\sad\03-01-04-02-02-02-21.wav,sad,strong,21,male,02,02,4.137479166666667
..\data\raw\sad\03-01-04-02-02-02-22.wav,sad,strong,22,female,02,02,3.8371666666666666
..\data\raw\sad\03-01-04-02-02-02-23.wav,sad,strong,23,male,02,02,4.7380625
..\data\raw\sad\03-01-04-02-02-02-24.wav,sad,strong,24,female,02,02,4.671333333333333
..\data\raw\surprised\03-01-08-01-01-01-01.wav,surprised,normal,1,male,01,01,3.403395833333333
..\data\raw\surprised\03-01-08-01-01-01-02.wav,surprised,normal,2,female,01,01,3.5368541666666666
..\data\raw\surprised\03-01-08-01-01-01-03.wav,surprised,normal,3,male,01,01,3.2365625
..\data\raw\surprised\03-01-08-01-01-01-04.wav,surprised,normal,4,female,01,01,3.2365833333333334
..\data\raw\surprised\03-01-08-01-01-01-05.wav,surprised,normal,5,male,01,01,3.7370625
..\data\raw\surprised\03-01-08-01-01-01-06.wav,surprised,normal,6,female,01,01,3.2365625
..\data\raw\surprised\03-01-08-01-01-01-07.wav,surprised,normal,7,male,01,01,3.470125
..\data\raw\surprised\03-01-08-01-01-01-08.wav,surprised,normal,8,female,01,01,3.703708333333333
..\data\raw\surprised\03-01-08-01-01-01-09.wav,surprised,normal,9,male,01,01,3.069729166666667
..\data\raw\surprised\03-01-08-01-01-01-10.wav,surprised,normal,10,female,01,01,3.2365625
..\data\raw\surprised\03-01-08-01-01-01-11.wav,surprised,normal,11,male,01,01,3.069729166666667
..\data\raw\surprised\03-01-08-01-01-01-12.wav,surprised,normal,12,female,01,01,3.536875
..\data\raw\surprised\03-01-08-01-01-01-13.wav,surprised,normal,13,male,01,01,3.403395833333333
..\data\raw\surprised\03-01-08-01-01-01-14.wav,surprised,normal,14,female,01,01,3.636979166666667
..\data\raw\surprised\03-01-08-01-01-01-15.wav,surprised,normal,15,male,01,01,3.636979166666667
..\data\raw\surprised\03-01-08-01-01-01-16.wav,surprised,normal,16,female,01,01,3.536875
..\data\raw\surprised\03-01-08-01-01-01-17.wav,surprised,normal,17,male,01,01,3.403395833333333
..\data\raw\surprised\03-01-08-01-01-01-18.wav,surprised,normal,18,female,01,01,3.3700208333333332
..\data\raw\surprised\03-01-08-01-01-01-19.wav,surprised,normal,19,male,01,01,3.7370625
..\data\raw\surprised\03-01-08-01-01-01-20.wav,surprised,normal,20,female,01,01,3.2365833333333334
..\data\raw\surprised\03-01-08-01-01-01-21.wav,surprised,normal,21,male,01,01,3.5035
..\data\raw\surprised\03-01-08-01-01-01-22.wav,surprised,normal,22,female,01,01,3.536875
..\data\raw\surprised\03-01-08-01-01-01-23.wav,surprised,normal,23,male,01,01,3.2699375
..\data\raw\surprised\03-01-08-01-01-01-24.wav,surprised,normal,24,female,01,01,3.3033125
..\data\raw\surprised\03-01-08-01-01-02-01.wav,surprised,normal,1,male,01,02,3.2699166666666666
..\data\raw\surprised\03-01-08-01-01-02-02.wav,surprised,normal,2,female,01,02,3.5368541666666666
..\data\raw\surprised\03-01-08-01-01-02-03.wav,surprised,normal,3,male,01,02,3.370041666666667
..\data\raw\surprised\03-01-08-01-01-02-04.wav,surprised,normal,4,female,01,02,3.3366666666666664
..\data\raw\surprised\03-01-08-01-01-02-05.wav,surprised,normal,5,male,01,02,3.6703333333333332
..\data\raw\surprised\03-01-08-01-01-02-06.wav,surprised,normal,6,female,01,02,3.2365625
..\data\raw\surprised\03-01-08-01-01-02-07.wav,surprised,normal,7,male,01,02,3.536875
..\data\raw\surprised\03-01-08-01-01-02-08.wav,surprised,normal,8,female,01,02,3.8037916666666667
..\data\raw\surprised\03-01-08-01-01-02-09.wav,surprised,normal,9,male,01,02,3.3366666666666664
..\data\raw\surprised\03-01-08-01-01-02-10.wav,surprised,normal,10,female,01,02,3.4034166666666668
..\data\raw\surprised\03-01-08-01-01-02-11.wav,surprised,normal,11,male,01,02,3.136458333333333
..\data\raw\surprised\03-01-08-01-01-02-12.wav,surprised,normal,12,female,01,02,3.6369583333333333
..\data\raw\surprised\03-01-08-01-01-02-13.wav,surprised,normal,13,male,01,02,3.136458333333333
..\data\raw\surprised\03-01-08-01-01-02-14.wav,surprised,normal,14,female,01,02,3.57025
..\data\raw\surprised\03-01-08-01-01-02-15.wav,surprised,normal,15,male,01,02,3.4367708333333336
..\data\raw\surprised\03-01-08-01-01-02-16.wav,surprised,normal,16,female,01,02,3.43675
..\data\raw\surprised\03-01-08-01-01-02-17.wav,surprised,normal,17,male,01,02,3.6369583333333333
..\data\raw\surprised\03-01-08-01-01-02-18.wav,surprised,normal,18,female,01,02,3.5035
..\data\raw\surprised\03-01-08-01-01-02-19.wav,surprised,normal,19,male,01,02,3.5368541666666666
..\data\raw\surprised\03-01-08-01-01-02-20.wav,surprised,normal,20,female,01,02,3.57025
..\data\raw\surprised\03-01-08-01-01-02-21.wav,surprised,normal,21,male,01,02,3.470125
..\data\raw\surprised\03-01-08-01-01-02-22.wav,surprised,normal,22,female,01,02,3.5702291666666666
..\data\raw\surprised\03-01-08-01-01-02-23.wav,surprised,normal,23,male,01,02,3.2365625
..\data\raw\surprised\03-01-08-01-01-02-24.wav,surprised,normal,24,female,01,02,3.4701458333333335
..\data\raw\surprised\03-01-08-01-02-01-01.wav,surprised,normal,1,male,02,01,3.536875
..\data\raw\surprised\03-01-08-01-02-01-02.wav,surprised,normal,2,female,02,01,3.6036041666666665
..\data\raw\surprised\03-01-08-01-02-01-03.wav,surprised,normal,3,male,02,01,3.2032083333333334
..\data\raw\surprised\03-01-08-01-02-01-04.wav,surprised,normal,4,female,02,01,3.6369583333333333
..\data\raw\surprised\03-01-08-01-02-01-05.wav,surprised,normal,5,male,02,01,3.069729166666667
..\data\raw\surprised\03-01-08-01-02-01-06.wav,surprised,normal,6,female,02,01,3.2032083333333334
..\data\raw\surprised\03-01-08-01-02-01-07.wav,surprised,normal,7,male,02,01,3.4367708333333336
..\data\raw\surprised\03-01-08-01-02-01-08.wav,surprised,normal,8,female,02,01,3.7704375
..\data\raw\surprised\03-01-08-01-02-01-09.wav,surprised,normal,9,male,02,01,3.4367708333333336
..\data\raw\surprised\03-01-08-01-02-01-10.wav,surprised,normal,10,female,02,01,3.5035
..\data\raw\surprised\03-01-08-01-02-01-11.wav,surprised,normal,11,male,02,01,3.1698333333333335
..\data\raw\surprised\03-01-08-01-02-01-12.wav,surprised,normal,12,female,02,01,3.5035
..\data\raw\surprised\03-01-08-01-02-01-13.wav,surprised,normal,13,male,02,01,3.1364791666666667
..\data\raw\surprised\03-01-08-01-02-01-14.wav,surprised,normal,14,female,02,01,3.2032083333333334
..\data\raw\surprised\03-01-08-01-02-01-15.wav,surprised,normal,15,male,02,01,3.703708333333333
..\data\raw\surprised\03-01-08-01-02-01-16.wav,surprised,normal,16,female,02,01,3.5035
..\data\raw\surprised\03-01-08-01-02-01-17.wav,surprised,normal,17,male,02,01,3.370041666666667
..\data\raw\surprised\03-01-08-01-02-01-18.wav,surprised,normal,18,female,02,01,3.5035
..\data\raw\surprised\03-01-08-01-02-01-19.wav,surprised,normal,19,male,02,01,4.1040833333333335
..\data\raw\surprised\03-01-08-01-02-01-20.wav,surprised,normal,20,female,02,01,3.1364791666666667
..\data\raw\surprised\03-01-08-01-02-01-21.wav,surprised,normal,21,male,02,01,3.4701458333333335
..\data\raw\surprised\03-01-08-01-02-01-22.wav,surprised,normal,22,female,02,01,3.4367708333333336
..\data\raw\surprised\03-01-08-01-02-01-23.wav,surprised,normal,23,male,02,01,3.3032916666666665
..\data\raw\surprised\03-01-08-01-02-01-24.wav,surprised,normal,24,female,02,01,3.370041666666667
..\data\raw\surprised\03-01-08-01-02-02-01.wav,surprised,normal,1,male,02,02,3.2699166666666666
..\data\raw\surprised\03-01-08-01-02-02-02.wav,surprised,normal,2,female,02,02,3.536875
..\data\raw\surprised\03-01-08-01-02-02-03.wav,surprised,normal,3,male,02,02,3.5702291666666666
..\data\raw\surprised\03-01-08-01-02-02-04.wav,surprised,normal,4,female,02,02,3.43675
..\data\raw\surprised\03-01-08-01-02-02-05.wav,surprised,normal,5,male,02,02,3.7036875
..\data\raw\surprised\03-01-08-01-02-02-06.wav,surprised,normal,6,female,02,02,3.136458333333333
..\data\raw\surprised\03-01-08-01-02-02-07.wav,surprised,normal,7,male,02,02,3.4367708333333336
..\data\raw\surprised\03-01-08-01-02-02-08.wav,surprised,normal,8,female,02,02,3.536875
..\data\raw\surprised\03-01-08-01-02-02-09.wav,surprised,normal,9,male,02,02,3.43675
..\data\raw\surprised\03-01-08-01-02-02-10.wav,surprised,normal,10,female,02,02,3.470125
..\data\raw\surprised\03-01-08-01-02-02-11.wav,surprised,normal,11,male,02,02,2.969625
..\data\raw\surprised\03-01-08-01-02-02-12.wav,surprised,normal,12,female,02,02,3.6036041666666665
..\data\raw\surprised\03-01-08-01-02-02-13.wav,surprised,normal,13,male,02,02,3.036375
..\data\raw\surprised\03-01-08-01-02-02-14.wav,surprised,normal,14,female,02,02,3.3032916666666665
..\data\raw\surprised\03-01-08-01-02-02-15.wav,surprised,normal,15,male,02,02,3.370041666666667
..\data\raw\surprised\03-01-08-01-02-02-16.wav,surprised,normal,16,female,02,02,3.4367708333333336
..\data\raw\surprised\03-01-08-01-02-02-17.wav,surprised,normal,17,male,02,02,3.4367708333333336
..\data\raw\surprised\03-01-08-01-02-02-18.wav,surprised,normal,18,female,02,02,3.5035
..\data\raw\surprised\03-01-08-01-02-02-19.wav,surprised,normal,19,male,02,02,3.06975
..\data\raw\surprised\03-01-08-01-02-02-20.wav,surprised,normal,20,female,02,02,3.2031875
..\data\raw\surprised\03-01-08-01-02-02-21.wav,surprised,normal,21,male,02,02,3.5702291666666666
..\data\raw\surprised\03-01-08-01-02-02-22.wav,surprised,normal,22,female,02,02,3.6036041666666665
..\data\raw\surprised\03-01-08-01-02-02-23.wav,surprised,normal,23,male,02,02,3.3033125
..\data\raw\surprised\03-01-08-01-02-02-24.wav,surprised,normal,24,female,02,02,3.403395833333333
..\data\raw\surprised\03-01-08-02-01-01-01.wav,surprised,strong,1,male,01,01,3.43675
..\data\raw\surprised\03-01-08-02-01-01-02.wav,surprised,strong,2,female,01,01,3.7370625
..\data\raw\surprised\03-01-08-02-01-01-03.wav,surprised,strong,3,male,01,01,3.2699375
..\data\raw\surprised\03-01-08-02-01-01-04.wav,surprised,strong,4,female,01,01,3.6703333333333332
..\data\raw\surprised\03-01-08-02-01-01-05.wav,surprised,strong,5,male,01,01,4.137479166666667
..\data\raw\surprised\03-01-08-02-01-01-06.wav,surprised,strong,6,female,01,01,3.2365625
..\data\raw\surprised\03-01-08-02-01-01-07.wav,surprised,strong,7,male,01,01,3.8705416666666665
..\data\raw\surprised\03-01-08-02-01-01-08.wav,surprised,strong,8,female,01,01,3.8371666666666666
..\data\raw\surprised\03-01-08-02-01-01-09.wav,surprised,strong,9,male,01,01,3.3032916666666665
..\data\raw\surprised\03-01-08-02-01-01-10.wav,surprised,strong,10,female,01,01,3.5035
..\data\raw\surprised\03-01-08-02-01-01-11.wav,surprised,strong,11,male,01,01,3.069729166666667
..\data\raw\surprised\03-01-08-02-01-01-12.wav,surprised,strong,12,female,01,01,3.7036875
..\data\raw\surprised\03-01-08-02-01-01-13.wav,surprised,strong,13,male,01,01,3.3366666666666664
..\data\raw\surprised\03-01-08-02-01-01-14.wav,surprised,strong,14,female,01,01,3.970625
..\data\raw\surprised\03-01-08-02-01-01-15.wav,surprised,strong,15,male,01,01,3.3700208333333332
..\data\raw\surprised\03-01-08-02-01-01-16.wav,surprised,strong,16,female,01,01,3.536875
..\data\raw\surprised\03-01-08-02-01-01-17.wav,surprised,strong,17,male,01,01,3.536875
..\data\raw\surprised\03-01-08-02-01-01-18.wav,surprised,strong,18,female,01,01,3.636979166666667
..\data\raw\surprised\03-01-08-02-01-01-19.wav,surprised,strong,19,male,01,01,4.104104166666667
..\data\raw\surprised\03-01-08-02-01-01-20.wav,surprised,strong,20,female,01,01,3.7370625
..\data\raw\surprised\03-01-08-02-01-01-21.wav,surprised,strong,21,male,01,01,3.6369583333333333
..\data\raw\surprised\03-01-08-02-01-01-22.wav,surprised,strong,22,female,01,01,3.5702291666666666
..\data\raw\surprised\03-01-08-02-01-01-23.wav,surprised,strong,23,male,01,01,3.5035
..\data\raw\surprised\03-01-08-02-01-01-24.wav,surprised,strong,24,female,01,01,3.9372708333333333
..\data\raw\surprised\03-01-08-02-01-02-01.wav,surprised,strong,1,male,01,02,3.5702291666666666
..\data\raw\surprised\03-01-08-02-01-02-02.wav,surprised,strong,2,female,01,02,3.7704375
..\data\raw\surprised\03-01-08-02-01-02-03.wav,surprised,strong,3,male,01,02,3.6036041666666665
..\data\raw\surprised\03-01-08-02-01-02-04.wav,surprised,strong,4,female,01,02,3.5702291666666666
..\data\raw\surprised\03-01-08-02-01-02-05.wav,surprised,strong,5,male,01,02,4.104104166666667
..\data\raw\surprised\03-01-08-02-01-02-06.wav,surprised,strong,6,female,01,02,3.370041666666667
..\data\raw\surprised\03-01-08-02-01-02-07.wav,surprised,strong,7,male,01,02,3.6369583333333333
..\data\raw\surprised\03-01-08-02-01-02-08.wav,surprised,strong,8,female,01,02,3.7036875
..\data\raw\surprised\03-01-08-02-01-02-09.wav,surprised,strong,9,male,01,02,3.2699375
..\data\raw\surprised\03-01-08-02-01-02-10.wav,surprised,strong,10,female,01,02,3.403395833333333
..\data\raw\surprised\03-01-08-02-01-02-11.wav,surprised,strong,11,male,01,02,3.1031041666666668
..\data\raw\surprised\03-01-08-02-01-02-12.wav,surprised,strong,12,female,01,02,3.7370625
..\data\raw\surprised\03-01-08-02-01-02-13.wav,surprised,strong,13,male,01,02,3.3032916666666665
..\data\raw\surprised\03-01-08-02-01-02-14.wav,surprised,strong,14,female,01,02,3.703708333333333
..\data\raw\surprised\03-01-08-02-01-02-15.wav,surprised,strong,15,male,01,02,3.3032916666666665
..\data\raw\surprised\03-01-08-02-01-02-16.wav,surprised,strong,16,female,01,02,3.5368541666666666
..\data\raw\surprised\03-01-08-02-01-02-17.wav,surprised,strong,17,male,01,02,3.6703333333333332
..\data\raw\surprised\03-01-08-02-01-02-18.wav,surprised,strong,18,female,01,02,3.536875
..\data\raw\surprised\03-01-08-02-01-02-19.wav,surprised,strong,19,male,01,02,4.637979166666667
..\data\raw\surprised\03-01-08-02-01-02-20.wav,surprised,strong,20,female,01,02,3.2365833333333334
..\data\raw\surprised\03-01-08-02-01-02-21.wav,surprised,strong,21,male,01,02,3.636979166666667
..\data\raw\surprised\03-01-08-02-01-02-22.wav,surprised,strong,22,female,01,02,3.7370833333333335
..\data\raw\surprised\03-01-08-02-01-02-23.wav,surprised,strong,23,male,01,02,3.3700208333333332
..\data\raw\surprised\03-01-08-02-01-02-24.wav,surprised,strong,24,female,01,02,3.970625
..\data\raw\surprised\03-01-08-02-02-01-01.wav,surprised,strong,1,male,02,01,3.5035
..\data\raw\surprised\03-01-08-02-02-01-02.wav,surprised,strong,2,female,02,01,3.7370833333333335
..\data\raw\surprised\03-01-08-02-02-01-03.wav,surprised,strong,3,male,02,01,3.5035
..\data\raw\surprised\03-01-08-02-02-01-04.wav,surprised,strong,4,female,02,01,3.470125
..\data\raw\surprised\03-01-08-02-02-01-05.wav,surprised,strong,5,male,02,01,3.6703333333333332
..\data\raw\surprised\03-01-08-02-02-01-06.wav,surprised,strong,6,female,02,01,3.3033125
..\data\raw\surprised\03-01-08-02-02-01-07.wav,surprised,strong,7,male,02,01,3.4367708333333336
..\data\raw\surprised\03-01-08-02-02-01-08.wav,surprised,strong,8,female,02,01,3.8037916666666667
..\data\raw\surprised\03-01-08-02-02-01-09.wav,surprised,strong,9,male,02,01,3.403395833333333
..\data\raw\surprised\03-01-08-02-02-01-10.wav,surprised,strong,10,female,02,01,3.6369583333333333
..\data\raw\surprised\03-01-08-02-02-01-11.wav,surprised,strong,11,male,02,01,3.069729166666667
..\data\raw\surprised\03-01-08-02-02-01-12.wav,surprised,strong,12,female,02,01,3.7370625
..\data\raw\surprised\03-01-08-02-02-01-13.wav,surprised,strong,13,male,02,01,3.3366666666666664
..\data\raw\surprised\03-01-08-02-02-01-14.wav,surprised,strong,14,female,02,01,3.703708333333333
..\data\raw\surprised\03-01-08-02-02-01-15.wav,surprised,strong,15,male,02,01,3.2032083333333334
..\data\raw\surprised\03-01-08-02-02-01-16.wav,surprised,strong,16,female,02,01,3.57025
..\data\raw\surprised\03-01-08-02-02-01-17.wav,surprised,strong,17,male,02,01,3.4367708333333336
..\data\raw\surprised\03-01-08-02-02-01-18.wav,surprised,strong,18,female,02,01,3.8705416666666665
..\data\raw\surprised\03-01-08-02-02-01-19.wav,surprised,strong,19,male,02,01,3.2365833333333334
..\data\raw\surprised\03-01-08-02-02-01-20.wav,surprised,strong,20,female,02,01,3.5368541666666666
..\data\raw\surprised\03-01-08-02-02-01-21.wav,surprised,strong,21,male,02,01,3.4701458333333335
..\data\raw\surprised\03-01-08-02-02-01-22.wav,surprised,strong,22,female,02,01,3.703708333333333
..\data\raw\surprised\03-01-08-02-02-01-23.wav,surprised,strong,23,male,02,01,3.3366666666666664
..\data\raw\surprised\03-01-08-02-02-01-24.wav,surprised,strong,24,female,02,01,3.6703333333333332
..\data\raw\surprised\03-01-08-02-02-02-01.wav,surprised,strong,1,male,02,02,3.2699375
..\data\raw\surprised\03-01-08-02-02-02-02.wav,surprised,strong,2,female,02,02,3.8038125
..\data\raw\surprised\03-01-08-02-02-02-03.wav,surprised,strong,3,male,02,02,3.2365625
..\data\raw\surprised\03-01-08-02-02-02-04.wav,surprised,strong,4,female,02,02,3.5368541666666666
..\data\raw\surprised\03-01-08-02-02-02-05.wav,surprised,strong,5,male,02,02,3.536875
..\data\raw\surprised\03-01-08-02-02-02-06.wav,surprised,strong,6,female,02,02,3.2032083333333334
..\data\raw\surprised\03-01-08-02-02-02-07.wav,surprised,strong,7,male,02,02,3.470125
..\data\raw\surprised\03-01-08-02-02-02-08.wav,surprised,strong,8,female,02,02,3.8705416666666665
..\data\raw\surprised\03-01-08-02-02-02-09.wav,surprised,strong,9,male,02,02,3.43675
..\data\raw\surprised\03-01-08-02-02-02-10.wav,surprised,strong,10,female,02,02,3.5035
..\data\raw\surprised\03-01-08-02-02-02-11.wav,surprised,strong,11,male,02,02,3.069729166666667
..\data\raw\surprised\03-01-08-02-02-02-12.wav,surprised,strong,12,female,02,02,3.6703333333333332
..\data\raw\surprised\03-01-08-02-02-02-13.wav,surprised,strong,13,male,02,02,3.3032916666666665
..\data\raw\surprised\03-01-08-02-02-02-14.wav,surprised,strong,14,female,02,02,3.7370625
..\data\raw\surprised\03-01-08-02-02-02-15.wav,surprised,strong,15,male,02,02,3.3366666666666664
..\data\raw\surprised\03-01-08-02-02-02-16.wav,surprised,strong,16,female,02,02,3.5702291666666666
..\data\raw\surprised\03-01-08-02-02-02-17.wav,surprised,strong,17,male,02,02,3.5368541666666666
..\data\raw\surprised\03-01-08-02-02-02-18.wav,surprised,strong,18,female,02,02,3.6369583333333333
..\data\raw\surprised\03-01-08-02-02-02-19.wav,surprised,strong,19,male,02,02,3.2699375
..\data\raw\surprised\03-01-08-02-02-02-20.wav,surprised,strong,20,female,02,02,3.4367708333333336
..\data\raw\surprised\03-01-08-02-02-02-21.wav,surprised,strong,21,male,02,02,3.536875
..\data\raw\surprised\03-01-08-02-02-02-22.wav,surprised,strong,22,female,02,02,3.6369583333333333
..\data\raw\surprised\03-01-08-02-02-02-23.wav,surprised,strong,23,male,02,02,3.3032916666666665
..\data\raw\surprised\03-01-08-02-02-02-24.wav,surprised,strong,24,female,02,02,3.6369583333333333
